[      56ms] [WARNING] Unrecognized feature: 'speaker-selection'. @ http://127.0.0.1:5500/:236
[     169ms] [LOG] SoundCloud iframe colors updated: #6625d9 @ http://127.0.0.1:5500/main.js:122
[     169ms] [LOG] Hero image set: {desktopUrl: splash-images/5/bm_nerva_Dark_subway_tunnel_gritty…y__fbaca4c3-7a38-415a-84a7-afec2608b086_0.png?v=1, mobileUrl: splash-images/5/bm_nerva_Dark_subway_tunnel_gritty…y__0a3157ca-e77c-4073-918f-126252629284_0.png?v=1} @ http://127.0.0.1:5500/main.js:93
[     170ms] [LOG] Theme colors set: {primaryColor: #b42e3d, secondaryColor: #17635d, accentColor: #dc585e} @ http://127.0.0.1:5500/main.js:101
[    2530ms] [ERROR] Permissions policy violation: encrypted-media is not allowed in this document. @ https://player-widget.mixcloud.com/assets/index-DFbmkmY8.js:34
[    2530ms] [WARNING] Encrypted Media access has been blocked because of a Feature Policy applied to the current document. See https://crbug.com/414348233 for more details. @ https://player-widget.mixcloud.com/assets/index-DFbmkmY8.js:34
[    2531ms] [ERROR] Permissions policy violation: encrypted-media is not allowed in this document. @ https://player-widget.mixcloud.com/assets/index-DFbmkmY8.js:34
[    2531ms] [WARNING] Encrypted Media access has been blocked because of a Feature Policy applied to the current document. See https://crbug.com/414348233 for more details. @ https://player-widget.mixcloud.com/assets/index-DFbmkmY8.js:34
[    2531ms] [ERROR] Permissions policy violation: encrypted-media is not allowed in this document. @ https://player-widget.mixcloud.com/assets/index-DFbmkmY8.js:34
[    2531ms] [WARNING] Encrypted Media access has been blocked because of a Feature Policy applied to the current document. See https://crbug.com/414348233 for more details. @ https://player-widget.mixcloud.com/assets/index-DFbmkmY8.js:34
[    2545ms] [WARNING] WARNING: Too many active WebGL contexts. Oldest context will be lost. @ https://dwt.soundcloud.com/tags.js:1
[    2530ms] [ERROR] Permissions policy violation: encrypted-media is not allowed in this document. @ https://player-widget.mixcloud.com/assets/index-DFbmkmY8.js:34
[    2530ms] [WARNING] Encrypted Media access has been blocked because of a Feature Policy applied to the current document. See https://crbug.com/414348233 for more details. @ https://player-widget.mixcloud.com/assets/index-DFbmkmY8.js:34
[    2531ms] [ERROR] Permissions policy violation: encrypted-media is not allowed in this document. @ https://player-widget.mixcloud.com/assets/index-DFbmkmY8.js:34
[    2531ms] [WARNING] Encrypted Media access has been blocked because of a Feature Policy applied to the current document. See https://crbug.com/414348233 for more details. @ https://player-widget.mixcloud.com/assets/index-DFbmkmY8.js:34
[    2531ms] [ERROR] Permissions policy violation: encrypted-media is not allowed in this document. @ https://player-widget.mixcloud.com/assets/index-DFbmkmY8.js:34
[    2531ms] [WARNING] Encrypted Media access has been blocked because of a Feature Policy applied to the current document. See https://crbug.com/414348233 for more details. @ https://player-widget.mixcloud.com/assets/index-DFbmkmY8.js:34
[    2575ms] [ERROR] Permissions policy violation: encrypted-media is not allowed in this document. @ https://player-widget.mixcloud.com/assets/index-DFbmkmY8.js:34
[    2575ms] [WARNING] Encrypted Media access has been blocked because of a Feature Policy applied to the current document. See https://crbug.com/414348233 for more details. @ https://player-widget.mixcloud.com/assets/index-DFbmkmY8.js:34
[    2575ms] [ERROR] Permissions policy violation: encrypted-media is not allowed in this document. @ https://player-widget.mixcloud.com/assets/index-DFbmkmY8.js:34
[    2575ms] [WARNING] Encrypted Media access has been blocked because of a Feature Policy applied to the current document. See https://crbug.com/414348233 for more details. @ https://player-widget.mixcloud.com/assets/index-DFbmkmY8.js:34
[    2575ms] [ERROR] Permissions policy violation: encrypted-media is not allowed in this document. @ https://player-widget.mixcloud.com/assets/index-DFbmkmY8.js:34
[    2575ms] [WARNING] Encrypted Media access has been blocked because of a Feature Policy applied to the current document. See https://crbug.com/414348233 for more details. @ https://player-widget.mixcloud.com/assets/index-DFbmkmY8.js:34
[    2530ms] [ERROR] Permissions policy violation: encrypted-media is not allowed in this document. @ https://player-widget.mixcloud.com/assets/index-DFbmkmY8.js:34
[    2530ms] [WARNING] Encrypted Media access has been blocked because of a Feature Policy applied to the current document. See https://crbug.com/414348233 for more details. @ https://player-widget.mixcloud.com/assets/index-DFbmkmY8.js:34
[    2531ms] [ERROR] Permissions policy violation: encrypted-media is not allowed in this document. @ https://player-widget.mixcloud.com/assets/index-DFbmkmY8.js:34
[    2531ms] [WARNING] Encrypted Media access has been blocked because of a Feature Policy applied to the current document. See https://crbug.com/414348233 for more details. @ https://player-widget.mixcloud.com/assets/index-DFbmkmY8.js:34
[    2531ms] [ERROR] Permissions policy violation: encrypted-media is not allowed in this document. @ https://player-widget.mixcloud.com/assets/index-DFbmkmY8.js:34
[    2531ms] [WARNING] Encrypted Media access has been blocked because of a Feature Policy applied to the current document. See https://crbug.com/414348233 for more details. @ https://player-widget.mixcloud.com/assets/index-DFbmkmY8.js:34
[    2575ms] [ERROR] Permissions policy violation: encrypted-media is not allowed in this document. @ https://player-widget.mixcloud.com/assets/index-DFbmkmY8.js:34
[    2575ms] [WARNING] Encrypted Media access has been blocked because of a Feature Policy applied to the current document. See https://crbug.com/414348233 for more details. @ https://player-widget.mixcloud.com/assets/index-DFbmkmY8.js:34
[    2575ms] [ERROR] Permissions policy violation: encrypted-media is not allowed in this document. @ https://player-widget.mixcloud.com/assets/index-DFbmkmY8.js:34
[    2575ms] [WARNING] Encrypted Media access has been blocked because of a Feature Policy applied to the current document. See https://crbug.com/414348233 for more details. @ https://player-widget.mixcloud.com/assets/index-DFbmkmY8.js:34
[    2575ms] [ERROR] Permissions policy violation: encrypted-media is not allowed in this document. @ https://player-widget.mixcloud.com/assets/index-DFbmkmY8.js:34
[    2575ms] [WARNING] Encrypted Media access has been blocked because of a Feature Policy applied to the current document. See https://crbug.com/414348233 for more details. @ https://player-widget.mixcloud.com/assets/index-DFbmkmY8.js:34
[    2530ms] [ERROR] Permissions policy violation: encrypted-media is not allowed in this document. @ https://player-widget.mixcloud.com/assets/index-DFbmkmY8.js:34
[    2530ms] [WARNING] Encrypted Media access has been blocked because of a Feature Policy applied to the current document. See https://crbug.com/414348233 for more details. @ https://player-widget.mixcloud.com/assets/index-DFbmkmY8.js:34
[    2531ms] [ERROR] Permissions policy violation: encrypted-media is not allowed in this document. @ https://player-widget.mixcloud.com/assets/index-DFbmkmY8.js:34
[    2531ms] [WARNING] Encrypted Media access has been blocked because of a Feature Policy applied to the current document. See https://crbug.com/414348233 for more details. @ https://player-widget.mixcloud.com/assets/index-DFbmkmY8.js:34
[    2531ms] [ERROR] Permissions policy violation: encrypted-media is not allowed in this document. @ https://player-widget.mixcloud.com/assets/index-DFbmkmY8.js:34
[    2531ms] [WARNING] Encrypted Media access has been blocked because of a Feature Policy applied to the current document. See https://crbug.com/414348233 for more details. @ https://player-widget.mixcloud.com/assets/index-DFbmkmY8.js:34
[    2575ms] [ERROR] Permissions policy violation: encrypted-media is not allowed in this document. @ https://player-widget.mixcloud.com/assets/index-DFbmkmY8.js:34
[    2575ms] [WARNING] Encrypted Media access has been blocked because of a Feature Policy applied to the current document. See https://crbug.com/414348233 for more details. @ https://player-widget.mixcloud.com/assets/index-DFbmkmY8.js:34
[    2575ms] [ERROR] Permissions policy violation: encrypted-media is not allowed in this document. @ https://player-widget.mixcloud.com/assets/index-DFbmkmY8.js:34
[    2575ms] [WARNING] Encrypted Media access has been blocked because of a Feature Policy applied to the current document. See https://crbug.com/414348233 for more details. @ https://player-widget.mixcloud.com/assets/index-DFbmkmY8.js:34
[    2575ms] [ERROR] Permissions policy violation: encrypted-media is not allowed in this document. @ https://player-widget.mixcloud.com/assets/index-DFbmkmY8.js:34
[    2575ms] [WARNING] Encrypted Media access has been blocked because of a Feature Policy applied to the current document. See https://crbug.com/414348233 for more details. @ https://player-widget.mixcloud.com/assets/index-DFbmkmY8.js:34
[    2530ms] [ERROR] Permissions policy violation: encrypted-media is not allowed in this document. @ https://player-widget.mixcloud.com/assets/index-DFbmkmY8.js:34
[    2530ms] [WARNING] Encrypted Media access has been blocked because of a Feature Policy applied to the current document. See https://crbug.com/414348233 for more details. @ https://player-widget.mixcloud.com/assets/index-DFbmkmY8.js:34
[    2531ms] [ERROR] Permissions policy violation: encrypted-media is not allowed in this document. @ https://player-widget.mixcloud.com/assets/index-DFbmkmY8.js:34
[    2531ms] [WARNING] Encrypted Media access has been blocked because of a Feature Policy applied to the current document. See https://crbug.com/414348233 for more details. @ https://player-widget.mixcloud.com/assets/index-DFbmkmY8.js:34
[    2531ms] [ERROR] Permissions policy violation: encrypted-media is not allowed in this document. @ https://player-widget.mixcloud.com/assets/index-DFbmkmY8.js:34
[    2531ms] [WARNING] Encrypted Media access has been blocked because of a Feature Policy applied to the current document. See https://crbug.com/414348233 for more details. @ https://player-widget.mixcloud.com/assets/index-DFbmkmY8.js:34
[    2575ms] [ERROR] Permissions policy violation: encrypted-media is not allowed in this document. @ https://player-widget.mixcloud.com/assets/index-DFbmkmY8.js:34
[    2575ms] [WARNING] Encrypted Media access has been blocked because of a Feature Policy applied to the current document. See https://crbug.com/414348233 for more details. @ https://player-widget.mixcloud.com/assets/index-DFbmkmY8.js:34
[    2575ms] [ERROR] Permissions policy violation: encrypted-media is not allowed in this document. @ https://player-widget.mixcloud.com/assets/index-DFbmkmY8.js:34
[    2575ms] [WARNING] Encrypted Media access has been blocked because of a Feature Policy applied to the current document. See https://crbug.com/414348233 for more details. @ https://player-widget.mixcloud.com/assets/index-DFbmkmY8.js:34
[    2575ms] [ERROR] Permissions policy violation: encrypted-media is not allowed in this document. @ https://player-widget.mixcloud.com/assets/index-DFbmkmY8.js:34
[    2575ms] [WARNING] Encrypted Media access has been blocked because of a Feature Policy applied to the current document. See https://crbug.com/414348233 for more details. @ https://player-widget.mixcloud.com/assets/index-DFbmkmY8.js:34
[    2604ms] [ERROR] Permissions policy violation: encrypted-media is not allowed in this document. @ https://player-widget.mixcloud.com/assets/index-DFbmkmY8.js:34
[    2604ms] [WARNING] Encrypted Media access has been blocked because of a Feature Policy applied to the current document. See https://crbug.com/414348233 for more details. @ https://player-widget.mixcloud.com/assets/index-DFbmkmY8.js:34
[    2604ms] [ERROR] Permissions policy violation: encrypted-media is not allowed in this document. @ https://player-widget.mixcloud.com/assets/index-DFbmkmY8.js:34
[    2604ms] [WARNING] Encrypted Media access has been blocked because of a Feature Policy applied to the current document. See https://crbug.com/414348233 for more details. @ https://player-widget.mixcloud.com/assets/index-DFbmkmY8.js:34
[    2604ms] [ERROR] Permissions policy violation: encrypted-media is not allowed in this document. @ https://player-widget.mixcloud.com/assets/index-DFbmkmY8.js:34
[    2604ms] [WARNING] Encrypted Media access has been blocked because of a Feature Policy applied to the current document. See https://crbug.com/414348233 for more details. @ https://player-widget.mixcloud.com/assets/index-DFbmkmY8.js:34
[    2530ms] [ERROR] Permissions policy violation: encrypted-media is not allowed in this document. @ https://player-widget.mixcloud.com/assets/index-DFbmkmY8.js:34
[    2530ms] [WARNING] Encrypted Media access has been blocked because of a Feature Policy applied to the current document. See https://crbug.com/414348233 for more details. @ https://player-widget.mixcloud.com/assets/index-DFbmkmY8.js:34
[    2531ms] [ERROR] Permissions policy violation: encrypted-media is not allowed in this document. @ https://player-widget.mixcloud.com/assets/index-DFbmkmY8.js:34
[    2531ms] [WARNING] Encrypted Media access has been blocked because of a Feature Policy applied to the current document. See https://crbug.com/414348233 for more details. @ https://player-widget.mixcloud.com/assets/index-DFbmkmY8.js:34
[    2531ms] [ERROR] Permissions policy violation: encrypted-media is not allowed in this document. @ https://player-widget.mixcloud.com/assets/index-DFbmkmY8.js:34
[    2531ms] [WARNING] Encrypted Media access has been blocked because of a Feature Policy applied to the current document. See https://crbug.com/414348233 for more details. @ https://player-widget.mixcloud.com/assets/index-DFbmkmY8.js:34
[    2575ms] [ERROR] Permissions policy violation: encrypted-media is not allowed in this document. @ https://player-widget.mixcloud.com/assets/index-DFbmkmY8.js:34
[    2575ms] [WARNING] Encrypted Media access has been blocked because of a Feature Policy applied to the current document. See https://crbug.com/414348233 for more details. @ https://player-widget.mixcloud.com/assets/index-DFbmkmY8.js:34
[    2575ms] [ERROR] Permissions policy violation: encrypted-media is not allowed in this document. @ https://player-widget.mixcloud.com/assets/index-DFbmkmY8.js:34
[    2575ms] [WARNING] Encrypted Media access has been blocked because of a Feature Policy applied to the current document. See https://crbug.com/414348233 for more details. @ https://player-widget.mixcloud.com/assets/index-DFbmkmY8.js:34
[    2575ms] [ERROR] Permissions policy violation: encrypted-media is not allowed in this document. @ https://player-widget.mixcloud.com/assets/index-DFbmkmY8.js:34
[    2575ms] [WARNING] Encrypted Media access has been blocked because of a Feature Policy applied to the current document. See https://crbug.com/414348233 for more details. @ https://player-widget.mixcloud.com/assets/index-DFbmkmY8.js:34
[    2604ms] [ERROR] Permissions policy violation: encrypted-media is not allowed in this document. @ https://player-widget.mixcloud.com/assets/index-DFbmkmY8.js:34
[    2604ms] [WARNING] Encrypted Media access has been blocked because of a Feature Policy applied to the current document. See https://crbug.com/414348233 for more details. @ https://player-widget.mixcloud.com/assets/index-DFbmkmY8.js:34
[    2604ms] [ERROR] Permissions policy violation: encrypted-media is not allowed in this document. @ https://player-widget.mixcloud.com/assets/index-DFbmkmY8.js:34
[    2604ms] [WARNING] Encrypted Media access has been blocked because of a Feature Policy applied to the current document. See https://crbug.com/414348233 for more details. @ https://player-widget.mixcloud.com/assets/index-DFbmkmY8.js:34
[    2604ms] [ERROR] Permissions policy violation: encrypted-media is not allowed in this document. @ https://player-widget.mixcloud.com/assets/index-DFbmkmY8.js:34
[    2604ms] [WARNING] Encrypted Media access has been blocked because of a Feature Policy applied to the current document. See https://crbug.com/414348233 for more details. @ https://player-widget.mixcloud.com/assets/index-DFbmkmY8.js:34
[    2530ms] [ERROR] Permissions policy violation: encrypted-media is not allowed in this document. @ https://player-widget.mixcloud.com/assets/index-DFbmkmY8.js:34
[    2530ms] [WARNING] Encrypted Media access has been blocked because of a Feature Policy applied to the current document. See https://crbug.com/414348233 for more details. @ https://player-widget.mixcloud.com/assets/index-DFbmkmY8.js:34
[    2531ms] [ERROR] Permissions policy violation: encrypted-media is not allowed in this document. @ https://player-widget.mixcloud.com/assets/index-DFbmkmY8.js:34
[    2531ms] [WARNING] Encrypted Media access has been blocked because of a Feature Policy applied to the current document. See https://crbug.com/414348233 for more details. @ https://player-widget.mixcloud.com/assets/index-DFbmkmY8.js:34
[    2531ms] [ERROR] Permissions policy violation: encrypted-media is not allowed in this document. @ https://player-widget.mixcloud.com/assets/index-DFbmkmY8.js:34
[    2531ms] [WARNING] Encrypted Media access has been blocked because of a Feature Policy applied to the current document. See https://crbug.com/414348233 for more details. @ https://player-widget.mixcloud.com/assets/index-DFbmkmY8.js:34
[    2575ms] [ERROR] Permissions policy violation: encrypted-media is not allowed in this document. @ https://player-widget.mixcloud.com/assets/index-DFbmkmY8.js:34
[    2575ms] [WARNING] Encrypted Media access has been blocked because of a Feature Policy applied to the current document. See https://crbug.com/414348233 for more details. @ https://player-widget.mixcloud.com/assets/index-DFbmkmY8.js:34
[    2575ms] [ERROR] Permissions policy violation: encrypted-media is not allowed in this document. @ https://player-widget.mixcloud.com/assets/index-DFbmkmY8.js:34
[    2575ms] [WARNING] Encrypted Media access has been blocked because of a Feature Policy applied to the current document. See https://crbug.com/414348233 for more details. @ https://player-widget.mixcloud.com/assets/index-DFbmkmY8.js:34
[    2575ms] [ERROR] Permissions policy violation: encrypted-media is not allowed in this document. @ https://player-widget.mixcloud.com/assets/index-DFbmkmY8.js:34
[    2575ms] [WARNING] Encrypted Media access has been blocked because of a Feature Policy applied to the current document. See https://crbug.com/414348233 for more details. @ https://player-widget.mixcloud.com/assets/index-DFbmkmY8.js:34
[    2604ms] [ERROR] Permissions policy violation: encrypted-media is not allowed in this document. @ https://player-widget.mixcloud.com/assets/index-DFbmkmY8.js:34
[    2604ms] [WARNING] Encrypted Media access has been blocked because of a Feature Policy applied to the current document. See https://crbug.com/414348233 for more details. @ https://player-widget.mixcloud.com/assets/index-DFbmkmY8.js:34
[    2604ms] [ERROR] Permissions policy violation: encrypted-media is not allowed in this document. @ https://player-widget.mixcloud.com/assets/index-DFbmkmY8.js:34
[    2604ms] [WARNING] Encrypted Media access has been blocked because of a Feature Policy applied to the current document. See https://crbug.com/414348233 for more details. @ https://player-widget.mixcloud.com/assets/index-DFbmkmY8.js:34
[    2604ms] [ERROR] Permissions policy violation: encrypted-media is not allowed in this document. @ https://player-widget.mixcloud.com/assets/index-DFbmkmY8.js:34
[    2604ms] [WARNING] Encrypted Media access has been blocked because of a Feature Policy applied to the current document. See https://crbug.com/414348233 for more details. @ https://player-widget.mixcloud.com/assets/index-DFbmkmY8.js:34
[    2613ms] [ERROR] Permissions policy violation: encrypted-media is not allowed in this document. @ https://player-widget.mixcloud.com/assets/index-DFbmkmY8.js:34
[    2613ms] [WARNING] Encrypted Media access has been blocked because of a Feature Policy applied to the current document. See https://crbug.com/414348233 for more details. @ https://player-widget.mixcloud.com/assets/index-DFbmkmY8.js:34
[    2613ms] [ERROR] Permissions policy violation: encrypted-media is not allowed in this document. @ https://player-widget.mixcloud.com/assets/index-DFbmkmY8.js:34
[    2613ms] [WARNING] Encrypted Media access has been blocked because of a Feature Policy applied to the current document. See https://crbug.com/414348233 for more details. @ https://player-widget.mixcloud.com/assets/index-DFbmkmY8.js:34
[    2613ms] [ERROR] Permissions policy violation: encrypted-media is not allowed in this document. @ https://player-widget.mixcloud.com/assets/index-DFbmkmY8.js:34
[    2613ms] [WARNING] Encrypted Media access has been blocked because of a Feature Policy applied to the current document. See https://crbug.com/414348233 for more details. @ https://player-widget.mixcloud.com/assets/index-DFbmkmY8.js:34
[    2627ms] [ERROR] Permissions policy violation: encrypted-media is not allowed in this document. @ https://player-widget.mixcloud.com/assets/index-DFbmkmY8.js:34
[    2627ms] [WARNING] Encrypted Media access has been blocked because of a Feature Policy applied to the current document. See https://crbug.com/414348233 for more details. @ https://player-widget.mixcloud.com/assets/index-DFbmkmY8.js:34
[    2627ms] [ERROR] Permissions policy violation: encrypted-media is not allowed in this document. @ https://player-widget.mixcloud.com/assets/index-DFbmkmY8.js:34
[    2627ms] [WARNING] Encrypted Media access has been blocked because of a Feature Policy applied to the current document. See https://crbug.com/414348233 for more details. @ https://player-widget.mixcloud.com/assets/index-DFbmkmY8.js:34
[    2627ms] [ERROR] Permissions policy violation: encrypted-media is not allowed in this document. @ https://player-widget.mixcloud.com/assets/index-DFbmkmY8.js:34
[    2627ms] [WARNING] Encrypted Media access has been blocked because of a Feature Policy applied to the current document. See https://crbug.com/414348233 for more details. @ https://player-widget.mixcloud.com/assets/index-DFbmkmY8.js:34
[    2638ms] [ERROR] Permissions policy violation: encrypted-media is not allowed in this document. @ https://player-widget.mixcloud.com/assets/index-DFbmkmY8.js:34
[    2638ms] [WARNING] Encrypted Media access has been blocked because of a Feature Policy applied to the current document. See https://crbug.com/414348233 for more details. @ https://player-widget.mixcloud.com/assets/index-DFbmkmY8.js:34
[    2638ms] [ERROR] Permissions policy violation: encrypted-media is not allowed in this document. @ https://player-widget.mixcloud.com/assets/index-DFbmkmY8.js:34
[    2638ms] [WARNING] Encrypted Media access has been blocked because of a Feature Policy applied to the current document. See https://crbug.com/414348233 for more details. @ https://player-widget.mixcloud.com/assets/index-DFbmkmY8.js:34
[    2638ms] [ERROR] Permissions policy violation: encrypted-media is not allowed in this document. @ https://player-widget.mixcloud.com/assets/index-DFbmkmY8.js:34
[    2638ms] [WARNING] Encrypted Media access has been blocked because of a Feature Policy applied to the current document. See https://crbug.com/414348233 for more details. @ https://player-widget.mixcloud.com/assets/index-DFbmkmY8.js:34
[    2530ms] [ERROR] Permissions policy violation: encrypted-media is not allowed in this document. @ https://player-widget.mixcloud.com/assets/index-DFbmkmY8.js:34
[    2530ms] [WARNING] Encrypted Media access has been blocked because of a Feature Policy applied to the current document. See https://crbug.com/414348233 for more details. @ https://player-widget.mixcloud.com/assets/index-DFbmkmY8.js:34
[    2531ms] [ERROR] Permissions policy violation: encrypted-media is not allowed in this document. @ https://player-widget.mixcloud.com/assets/index-DFbmkmY8.js:34
[    2531ms] [WARNING] Encrypted Media access has been blocked because of a Feature Policy applied to the current document. See https://crbug.com/414348233 for more details. @ https://player-widget.mixcloud.com/assets/index-DFbmkmY8.js:34
[    2531ms] [ERROR] Permissions policy violation: encrypted-media is not allowed in this document. @ https://player-widget.mixcloud.com/assets/index-DFbmkmY8.js:34
[    2531ms] [WARNING] Encrypted Media access has been blocked because of a Feature Policy applied to the current document. See https://crbug.com/414348233 for more details. @ https://player-widget.mixcloud.com/assets/index-DFbmkmY8.js:34
[    2575ms] [ERROR] Permissions policy violation: encrypted-media is not allowed in this document. @ https://player-widget.mixcloud.com/assets/index-DFbmkmY8.js:34
[    2575ms] [WARNING] Encrypted Media access has been blocked because of a Feature Policy applied to the current document. See https://crbug.com/414348233 for more details. @ https://player-widget.mixcloud.com/assets/index-DFbmkmY8.js:34
[    2575ms] [ERROR] Permissions policy violation: encrypted-media is not allowed in this document. @ https://player-widget.mixcloud.com/assets/index-DFbmkmY8.js:34
[    2575ms] [WARNING] Encrypted Media access has been blocked because of a Feature Policy applied to the current document. See https://crbug.com/414348233 for more details. @ https://player-widget.mixcloud.com/assets/index-DFbmkmY8.js:34
[    2575ms] [ERROR] Permissions policy violation: encrypted-media is not allowed in this document. @ https://player-widget.mixcloud.com/assets/index-DFbmkmY8.js:34
[    2575ms] [WARNING] Encrypted Media access has been blocked because of a Feature Policy applied to the current document. See https://crbug.com/414348233 for more details. @ https://player-widget.mixcloud.com/assets/index-DFbmkmY8.js:34
[    2604ms] [ERROR] Permissions policy violation: encrypted-media is not allowed in this document. @ https://player-widget.mixcloud.com/assets/index-DFbmkmY8.js:34
[    2604ms] [WARNING] Encrypted Media access has been blocked because of a Feature Policy applied to the current document. See https://crbug.com/414348233 for more details. @ https://player-widget.mixcloud.com/assets/index-DFbmkmY8.js:34
[    2604ms] [ERROR] Permissions policy violation: encrypted-media is not allowed in this document. @ https://player-widget.mixcloud.com/assets/index-DFbmkmY8.js:34
[    2604ms] [WARNING] Encrypted Media access has been blocked because of a Feature Policy applied to the current document. See https://crbug.com/414348233 for more details. @ https://player-widget.mixcloud.com/assets/index-DFbmkmY8.js:34
[    2604ms] [ERROR] Permissions policy violation: encrypted-media is not allowed in this document. @ https://player-widget.mixcloud.com/assets/index-DFbmkmY8.js:34
[    2604ms] [WARNING] Encrypted Media access has been blocked because of a Feature Policy applied to the current document. See https://crbug.com/414348233 for more details. @ https://player-widget.mixcloud.com/assets/index-DFbmkmY8.js:34
[    2613ms] [ERROR] Permissions policy violation: encrypted-media is not allowed in this document. @ https://player-widget.mixcloud.com/assets/index-DFbmkmY8.js:34
[    2613ms] [WARNING] Encrypted Media access has been blocked because of a Feature Policy applied to the current document. See https://crbug.com/414348233 for more details. @ https://player-widget.mixcloud.com/assets/index-DFbmkmY8.js:34
[    2613ms] [ERROR] Permissions policy violation: encrypted-media is not allowed in this document. @ https://player-widget.mixcloud.com/assets/index-DFbmkmY8.js:34
[    2613ms] [WARNING] Encrypted Media access has been blocked because of a Feature Policy applied to the current document. See https://crbug.com/414348233 for more details. @ https://player-widget.mixcloud.com/assets/index-DFbmkmY8.js:34
[    2613ms] [ERROR] Permissions policy violation: encrypted-media is not allowed in this document. @ https://player-widget.mixcloud.com/assets/index-DFbmkmY8.js:34
[    2613ms] [WARNING] Encrypted Media access has been blocked because of a Feature Policy applied to the current document. See https://crbug.com/414348233 for more details. @ https://player-widget.mixcloud.com/assets/index-DFbmkmY8.js:34
[    2627ms] [ERROR] Permissions policy violation: encrypted-media is not allowed in this document. @ https://player-widget.mixcloud.com/assets/index-DFbmkmY8.js:34
[    2627ms] [WARNING] Encrypted Media access has been blocked because of a Feature Policy applied to the current document. See https://crbug.com/414348233 for more details. @ https://player-widget.mixcloud.com/assets/index-DFbmkmY8.js:34
[    2627ms] [ERROR] Permissions policy violation: encrypted-media is not allowed in this document. @ https://player-widget.mixcloud.com/assets/index-DFbmkmY8.js:34
[    2627ms] [WARNING] Encrypted Media access has been blocked because of a Feature Policy applied to the current document. See https://crbug.com/414348233 for more details. @ https://player-widget.mixcloud.com/assets/index-DFbmkmY8.js:34
[    2627ms] [ERROR] Permissions policy violation: encrypted-media is not allowed in this document. @ https://player-widget.mixcloud.com/assets/index-DFbmkmY8.js:34
[    2627ms] [WARNING] Encrypted Media access has been blocked because of a Feature Policy applied to the current document. See https://crbug.com/414348233 for more details. @ https://player-widget.mixcloud.com/assets/index-DFbmkmY8.js:34
[    2638ms] [ERROR] Permissions policy violation: encrypted-media is not allowed in this document. @ https://player-widget.mixcloud.com/assets/index-DFbmkmY8.js:34
[    2638ms] [WARNING] Encrypted Media access has been blocked because of a Feature Policy applied to the current document. See https://crbug.com/414348233 for more details. @ https://player-widget.mixcloud.com/assets/index-DFbmkmY8.js:34
[    2638ms] [ERROR] Permissions policy violation: encrypted-media is not allowed in this document. @ https://player-widget.mixcloud.com/assets/index-DFbmkmY8.js:34
[    2638ms] [WARNING] Encrypted Media access has been blocked because of a Feature Policy applied to the current document. See https://crbug.com/414348233 for more details. @ https://player-widget.mixcloud.com/assets/index-DFbmkmY8.js:34
[    2638ms] [ERROR] Permissions policy violation: encrypted-media is not allowed in this document. @ https://player-widget.mixcloud.com/assets/index-DFbmkmY8.js:34
[    2638ms] [WARNING] Encrypted Media access has been blocked because of a Feature Policy applied to the current document. See https://crbug.com/414348233 for more details. @ https://player-widget.mixcloud.com/assets/index-DFbmkmY8.js:34
[    2649ms] [ERROR] Permissions policy violation: encrypted-media is not allowed in this document. @ https://player-widget.mixcloud.com/assets/index-DFbmkmY8.js:34
[    2649ms] [WARNING] Encrypted Media access has been blocked because of a Feature Policy applied to the current document. See https://crbug.com/414348233 for more details. @ https://player-widget.mixcloud.com/assets/index-DFbmkmY8.js:34
[    2649ms] [ERROR] Permissions policy violation: encrypted-media is not allowed in this document. @ https://player-widget.mixcloud.com/assets/index-DFbmkmY8.js:34
[    2649ms] [WARNING] Encrypted Media access has been blocked because of a Feature Policy applied to the current document. See https://crbug.com/414348233 for more details. @ https://player-widget.mixcloud.com/assets/index-DFbmkmY8.js:34
[    2650ms] [ERROR] Permissions policy violation: encrypted-media is not allowed in this document. @ https://player-widget.mixcloud.com/assets/index-DFbmkmY8.js:34
[    2650ms] [WARNING] Encrypted Media access has been blocked because of a Feature Policy applied to the current document. See https://crbug.com/414348233 for more details. @ https://player-widget.mixcloud.com/assets/index-DFbmkmY8.js:34
[    2530ms] [ERROR] Permissions policy violation: encrypted-media is not allowed in this document. @ https://player-widget.mixcloud.com/assets/index-DFbmkmY8.js:34
[    2530ms] [WARNING] Encrypted Media access has been blocked because of a Feature Policy applied to the current document. See https://crbug.com/414348233 for more details. @ https://player-widget.mixcloud.com/assets/index-DFbmkmY8.js:34
[    2531ms] [ERROR] Permissions policy violation: encrypted-media is not allowed in this document. @ https://player-widget.mixcloud.com/assets/index-DFbmkmY8.js:34
[    2531ms] [WARNING] Encrypted Media access has been blocked because of a Feature Policy applied to the current document. See https://crbug.com/414348233 for more details. @ https://player-widget.mixcloud.com/assets/index-DFbmkmY8.js:34
[    2531ms] [ERROR] Permissions policy violation: encrypted-media is not allowed in this document. @ https://player-widget.mixcloud.com/assets/index-DFbmkmY8.js:34
[    2531ms] [WARNING] Encrypted Media access has been blocked because of a Feature Policy applied to the current document. See https://crbug.com/414348233 for more details. @ https://player-widget.mixcloud.com/assets/index-DFbmkmY8.js:34
[    2575ms] [ERROR] Permissions policy violation: encrypted-media is not allowed in this document. @ https://player-widget.mixcloud.com/assets/index-DFbmkmY8.js:34
[    2575ms] [WARNING] Encrypted Media access has been blocked because of a Feature Policy applied to the current document. See https://crbug.com/414348233 for more details. @ https://player-widget.mixcloud.com/assets/index-DFbmkmY8.js:34
[    2575ms] [ERROR] Permissions policy violation: encrypted-media is not allowed in this document. @ https://player-widget.mixcloud.com/assets/index-DFbmkmY8.js:34
[    2575ms] [WARNING] Encrypted Media access has been blocked because of a Feature Policy applied to the current document. See https://crbug.com/414348233 for more details. @ https://player-widget.mixcloud.com/assets/index-DFbmkmY8.js:34
[    2575ms] [ERROR] Permissions policy violation: encrypted-media is not allowed in this document. @ https://player-widget.mixcloud.com/assets/index-DFbmkmY8.js:34
[    2575ms] [WARNING] Encrypted Media access has been blocked because of a Feature Policy applied to the current document. See https://crbug.com/414348233 for more details. @ https://player-widget.mixcloud.com/assets/index-DFbmkmY8.js:34
[    2604ms] [ERROR] Permissions policy violation: encrypted-media is not allowed in this document. @ https://player-widget.mixcloud.com/assets/index-DFbmkmY8.js:34
[    2604ms] [WARNING] Encrypted Media access has been blocked because of a Feature Policy applied to the current document. See https://crbug.com/414348233 for more details. @ https://player-widget.mixcloud.com/assets/index-DFbmkmY8.js:34
[    2604ms] [ERROR] Permissions policy violation: encrypted-media is not allowed in this document. @ https://player-widget.mixcloud.com/assets/index-DFbmkmY8.js:34
[    2604ms] [WARNING] Encrypted Media access has been blocked because of a Feature Policy applied to the current document. See https://crbug.com/414348233 for more details. @ https://player-widget.mixcloud.com/assets/index-DFbmkmY8.js:34
[    2604ms] [ERROR] Permissions policy violation: encrypted-media is not allowed in this document. @ https://player-widget.mixcloud.com/assets/index-DFbmkmY8.js:34
[    2604ms] [WARNING] Encrypted Media access has been blocked because of a Feature Policy applied to the current document. See https://crbug.com/414348233 for more details. @ https://player-widget.mixcloud.com/assets/index-DFbmkmY8.js:34
[    2613ms] [ERROR] Permissions policy violation: encrypted-media is not allowed in this document. @ https://player-widget.mixcloud.com/assets/index-DFbmkmY8.js:34
[    2613ms] [WARNING] Encrypted Media access has been blocked because of a Feature Policy applied to the current document. See https://crbug.com/414348233 for more details. @ https://player-widget.mixcloud.com/assets/index-DFbmkmY8.js:34
[    2613ms] [ERROR] Permissions policy violation: encrypted-media is not allowed in this document. @ https://player-widget.mixcloud.com/assets/index-DFbmkmY8.js:34
[    2613ms] [WARNING] Encrypted Media access has been blocked because of a Feature Policy applied to the current document. See https://crbug.com/414348233 for more details. @ https://player-widget.mixcloud.com/assets/index-DFbmkmY8.js:34
[    2613ms] [ERROR] Permissions policy violation: encrypted-media is not allowed in this document. @ https://player-widget.mixcloud.com/assets/index-DFbmkmY8.js:34
[    2613ms] [WARNING] Encrypted Media access has been blocked because of a Feature Policy applied to the current document. See https://crbug.com/414348233 for more details. @ https://player-widget.mixcloud.com/assets/index-DFbmkmY8.js:34
[    2627ms] [ERROR] Permissions policy violation: encrypted-media is not allowed in this document. @ https://player-widget.mixcloud.com/assets/index-DFbmkmY8.js:34
[    2627ms] [WARNING] Encrypted Media access has been blocked because of a Feature Policy applied to the current document. See https://crbug.com/414348233 for more details. @ https://player-widget.mixcloud.com/assets/index-DFbmkmY8.js:34
[    2627ms] [ERROR] Permissions policy violation: encrypted-media is not allowed in this document. @ https://player-widget.mixcloud.com/assets/index-DFbmkmY8.js:34
[    2627ms] [WARNING] Encrypted Media access has been blocked because of a Feature Policy applied to the current document. See https://crbug.com/414348233 for more details. @ https://player-widget.mixcloud.com/assets/index-DFbmkmY8.js:34
[    2627ms] [ERROR] Permissions policy violation: encrypted-media is not allowed in this document. @ https://player-widget.mixcloud.com/assets/index-DFbmkmY8.js:34
[    2627ms] [WARNING] Encrypted Media access has been blocked because of a Feature Policy applied to the current document. See https://crbug.com/414348233 for more details. @ https://player-widget.mixcloud.com/assets/index-DFbmkmY8.js:34
[    2638ms] [ERROR] Permissions policy violation: encrypted-media is not allowed in this document. @ https://player-widget.mixcloud.com/assets/index-DFbmkmY8.js:34
[    2638ms] [WARNING] Encrypted Media access has been blocked because of a Feature Policy applied to the current document. See https://crbug.com/414348233 for more details. @ https://player-widget.mixcloud.com/assets/index-DFbmkmY8.js:34
[    2638ms] [ERROR] Permissions policy violation: encrypted-media is not allowed in this document. @ https://player-widget.mixcloud.com/assets/index-DFbmkmY8.js:34
[    2638ms] [WARNING] Encrypted Media access has been blocked because of a Feature Policy applied to the current document. See https://crbug.com/414348233 for more details. @ https://player-widget.mixcloud.com/assets/index-DFbmkmY8.js:34
[    2638ms] [ERROR] Permissions policy violation: encrypted-media is not allowed in this document. @ https://player-widget.mixcloud.com/assets/index-DFbmkmY8.js:34
[    2638ms] [WARNING] Encrypted Media access has been blocked because of a Feature Policy applied to the current document. See https://crbug.com/414348233 for more details. @ https://player-widget.mixcloud.com/assets/index-DFbmkmY8.js:34
[    2649ms] [ERROR] Permissions policy violation: encrypted-media is not allowed in this document. @ https://player-widget.mixcloud.com/assets/index-DFbmkmY8.js:34
[    2649ms] [WARNING] Encrypted Media access has been blocked because of a Feature Policy applied to the current document. See https://crbug.com/414348233 for more details. @ https://player-widget.mixcloud.com/assets/index-DFbmkmY8.js:34
[    2649ms] [ERROR] Permissions policy violation: encrypted-media is not allowed in this document. @ https://player-widget.mixcloud.com/assets/index-DFbmkmY8.js:34
[    2649ms] [WARNING] Encrypted Media access has been blocked because of a Feature Policy applied to the current document. See https://crbug.com/414348233 for more details. @ https://player-widget.mixcloud.com/assets/index-DFbmkmY8.js:34
[    2650ms] [ERROR] Permissions policy violation: encrypted-media is not allowed in this document. @ https://player-widget.mixcloud.com/assets/index-DFbmkmY8.js:34
[    2650ms] [WARNING] Encrypted Media access has been blocked because of a Feature Policy applied to the current document. See https://crbug.com/414348233 for more details. @ https://player-widget.mixcloud.com/assets/index-DFbmkmY8.js:34
[    2670ms] [ERROR] Permissions policy violation: encrypted-media is not allowed in this document. @ https://player-widget.mixcloud.com/assets/index-DFbmkmY8.js:34
[    2670ms] [WARNING] Encrypted Media access has been blocked because of a Feature Policy applied to the current document. See https://crbug.com/414348233 for more details. @ https://player-widget.mixcloud.com/assets/index-DFbmkmY8.js:34
[    2670ms] [ERROR] Permissions policy violation: encrypted-media is not allowed in this document. @ https://player-widget.mixcloud.com/assets/index-DFbmkmY8.js:34
[    2670ms] [WARNING] Encrypted Media access has been blocked because of a Feature Policy applied to the current document. See https://crbug.com/414348233 for more details. @ https://player-widget.mixcloud.com/assets/index-DFbmkmY8.js:34
[    2670ms] [ERROR] Permissions policy violation: encrypted-media is not allowed in this document. @ https://player-widget.mixcloud.com/assets/index-DFbmkmY8.js:34
[    2670ms] [WARNING] Encrypted Media access has been blocked because of a Feature Policy applied to the current document. See https://crbug.com/414348233 for more details. @ https://player-widget.mixcloud.com/assets/index-DFbmkmY8.js:34
[    2673ms] [ERROR] Permissions policy violation: encrypted-media is not allowed in this document. @ https://player-widget.mixcloud.com/assets/index-DFbmkmY8.js:34
[    2673ms] [WARNING] Encrypted Media access has been blocked because of a Feature Policy applied to the current document. See https://crbug.com/414348233 for more details. @ https://player-widget.mixcloud.com/assets/index-DFbmkmY8.js:34
[    2673ms] [ERROR] Permissions policy violation: encrypted-media is not allowed in this document. @ https://player-widget.mixcloud.com/assets/index-DFbmkmY8.js:34
[    2673ms] [WARNING] Encrypted Media access has been blocked because of a Feature Policy applied to the current document. See https://crbug.com/414348233 for more details. @ https://player-widget.mixcloud.com/assets/index-DFbmkmY8.js:34
[    2673ms] [ERROR] Permissions policy violation: encrypted-media is not allowed in this document. @ https://player-widget.mixcloud.com/assets/index-DFbmkmY8.js:34
[    2673ms] [WARNING] Encrypted Media access has been blocked because of a Feature Policy applied to the current document. See https://crbug.com/414348233 for more details. @ https://player-widget.mixcloud.com/assets/index-DFbmkmY8.js:34
[    2707ms] [ERROR] Failed to load resource: the server responded with a status of 404 () @ https://player-widget.mixcloud.com/mix-D-rK8BlV-MixcloudWordmarkLogo.svg#use-href-target:0
[    2912ms] [ERROR] Failed to load resource: the server responded with a status of 404 () @ https://player-widget.mixcloud.com/mix-D-rK8BlV-MixcloudWordmarkLogo.svg#use-href-target:0
[    2958ms] [ERROR] Failed to load resource: the server responded with a status of 404 () @ https://player-widget.mixcloud.com/mix-D-rK8BlV-MixcloudWordmarkLogo.svg#use-href-target:0
[    3008ms] [ERROR] Failed to load resource: the server responded with a status of 404 () @ https://player-widget.mixcloud.com/mix-D-rK8BlV-MixcloudWordmarkLogo.svg#use-href-target:0
[    3041ms] [ERROR] Failed to load resource: the server responded with a status of 404 () @ https://player-widget.mixcloud.com/mix-D-rK8BlV-MixcloudWordmarkLogo.svg#use-href-target:0
[    3069ms] [ERROR] Failed to load resource: the server responded with a status of 404 () @ https://player-widget.mixcloud.com/mix-D-rK8BlV-MixcloudWordmarkLogo.svg#use-href-target:0
[    3096ms] [ERROR] Failed to load resource: the server responded with a status of 404 () @ https://player-widget.mixcloud.com/mix-D-rK8BlV-MixcloudWordmarkLogo.svg#use-href-target:0
[    3122ms] [ERROR] Failed to load resource: the server responded with a status of 404 () @ https://player-widget.mixcloud.com/mix-D-rK8BlV-MixcloudWordmarkLogo.svg#use-href-target:0
[    3164ms] [ERROR] Failed to load resource: the server responded with a status of 404 () @ https://player-widget.mixcloud.com/mix-D-rK8BlV-MixcloudWordmarkLogo.svg#use-href-target:0
[    3386ms] [ERROR] Permissions policy violation: encrypted-media is not allowed in this document. @ https://widget.sndcdn.com/widget-9-a34f7755ab5e.js:54
[    3387ms] [WARNING] Encrypted Media access has been blocked because of a Feature Policy applied to the current document. See https://crbug.com/414348233 for more details. @ https://widget.sndcdn.com/widget-9-a34f7755ab5e.js:54
[    3387ms] [ERROR] Permissions policy violation: encrypted-media is not allowed in this document. @ https://widget.sndcdn.com/widget-9-a34f7755ab5e.js:54
[    3387ms] [WARNING] Encrypted Media access has been blocked because of a Feature Policy applied to the current document. See https://crbug.com/414348233 for more details. @ https://widget.sndcdn.com/widget-9-a34f7755ab5e.js:54
[    3387ms] [ERROR] Permissions policy violation: encrypted-media is not allowed in this document. @ https://widget.sndcdn.com/widget-9-a34f7755ab5e.js:54
[    3387ms] [WARNING] Encrypted Media access has been blocked because of a Feature Policy applied to the current document. See https://crbug.com/414348233 for more details. @ https://widget.sndcdn.com/widget-9-a34f7755ab5e.js:54
[    3387ms] [LOG] SoundCloud Embed Player (api-web) @ https://widget.sndcdn.com/widget-9-a34f7755ab5e.js:54
[    3401ms] [ERROR] Permissions policy violation: encrypted-media is not allowed in this document. @ https://widget.sndcdn.com/widget-9-a34f7755ab5e.js:54
[    3401ms] [WARNING] Encrypted Media access has been blocked because of a Feature Policy applied to the current document. See https://crbug.com/414348233 for more details. @ https://widget.sndcdn.com/widget-9-a34f7755ab5e.js:54
[    3401ms] [ERROR] Permissions policy violation: encrypted-media is not allowed in this document. @ https://widget.sndcdn.com/widget-9-a34f7755ab5e.js:54
[    3401ms] [WARNING] Encrypted Media access has been blocked because of a Feature Policy applied to the current document. See https://crbug.com/414348233 for more details. @ https://widget.sndcdn.com/widget-9-a34f7755ab5e.js:54
[    3401ms] [ERROR] Permissions policy violation: encrypted-media is not allowed in this document. @ https://widget.sndcdn.com/widget-9-a34f7755ab5e.js:54
[    3401ms] [WARNING] Encrypted Media access has been blocked because of a Feature Policy applied to the current document. See https://crbug.com/414348233 for more details. @ https://widget.sndcdn.com/widget-9-a34f7755ab5e.js:54
[    3402ms] [LOG] SoundCloud Embed Player (api-web) @ https://widget.sndcdn.com/widget-9-a34f7755ab5e.js:54
[    3477ms] [ERROR] Permissions policy violation: encrypted-media is not allowed in this document. @ https://widget.sndcdn.com/widget-9-a34f7755ab5e.js:54
[    3477ms] [WARNING] Encrypted Media access has been blocked because of a Feature Policy applied to the current document. See https://crbug.com/414348233 for more details. @ https://widget.sndcdn.com/widget-9-a34f7755ab5e.js:54
[    3477ms] [ERROR] Permissions policy violation: encrypted-media is not allowed in this document. @ https://widget.sndcdn.com/widget-9-a34f7755ab5e.js:54
[    3477ms] [WARNING] Encrypted Media access has been blocked because of a Feature Policy applied to the current document. See https://crbug.com/414348233 for more details. @ https://widget.sndcdn.com/widget-9-a34f7755ab5e.js:54
[    3477ms] [ERROR] Permissions policy violation: encrypted-media is not allowed in this document. @ https://widget.sndcdn.com/widget-9-a34f7755ab5e.js:54
[    3477ms] [WARNING] Encrypted Media access has been blocked because of a Feature Policy applied to the current document. See https://crbug.com/414348233 for more details. @ https://widget.sndcdn.com/widget-9-a34f7755ab5e.js:54
[    3477ms] [LOG] SoundCloud Embed Player (api-web) @ https://widget.sndcdn.com/widget-9-a34f7755ab5e.js:54
[    3485ms] [ERROR] Permissions policy violation: encrypted-media is not allowed in this document. @ https://widget.sndcdn.com/widget-9-a34f7755ab5e.js:54
[    3485ms] [WARNING] Encrypted Media access has been blocked because of a Feature Policy applied to the current document. See https://crbug.com/414348233 for more details. @ https://widget.sndcdn.com/widget-9-a34f7755ab5e.js:54
[    3485ms] [ERROR] Permissions policy violation: encrypted-media is not allowed in this document. @ https://widget.sndcdn.com/widget-9-a34f7755ab5e.js:54
[    3485ms] [WARNING] Encrypted Media access has been blocked because of a Feature Policy applied to the current document. See https://crbug.com/414348233 for more details. @ https://widget.sndcdn.com/widget-9-a34f7755ab5e.js:54
[    3485ms] [ERROR] Permissions policy violation: encrypted-media is not allowed in this document. @ https://widget.sndcdn.com/widget-9-a34f7755ab5e.js:54
[    3485ms] [WARNING] Encrypted Media access has been blocked because of a Feature Policy applied to the current document. See https://crbug.com/414348233 for more details. @ https://widget.sndcdn.com/widget-9-a34f7755ab5e.js:54
[    3485ms] [LOG] SoundCloud Embed Player (api-web) @ https://widget.sndcdn.com/widget-9-a34f7755ab5e.js:54
[    3494ms] [ERROR] Permissions policy violation: encrypted-media is not allowed in this document. @ https://widget.sndcdn.com/widget-9-a34f7755ab5e.js:54
[    3494ms] [WARNING] Encrypted Media access has been blocked because of a Feature Policy applied to the current document. See https://crbug.com/414348233 for more details. @ https://widget.sndcdn.com/widget-9-a34f7755ab5e.js:54
[    3494ms] [ERROR] Permissions policy violation: encrypted-media is not allowed in this document. @ https://widget.sndcdn.com/widget-9-a34f7755ab5e.js:54
[    3494ms] [WARNING] Encrypted Media access has been blocked because of a Feature Policy applied to the current document. See https://crbug.com/414348233 for more details. @ https://widget.sndcdn.com/widget-9-a34f7755ab5e.js:54
[    3494ms] [ERROR] Permissions policy violation: encrypted-media is not allowed in this document. @ https://widget.sndcdn.com/widget-9-a34f7755ab5e.js:54
[    3494ms] [WARNING] Encrypted Media access has been blocked because of a Feature Policy applied to the current document. See https://crbug.com/414348233 for more details. @ https://widget.sndcdn.com/widget-9-a34f7755ab5e.js:54
[    3494ms] [LOG] SoundCloud Embed Player (api-web) @ https://widget.sndcdn.com/widget-9-a34f7755ab5e.js:54
[    3540ms] [ERROR] Permissions policy violation: encrypted-media is not allowed in this document. @ https://widget.sndcdn.com/widget-9-a34f7755ab5e.js:54
[    3540ms] [WARNING] Encrypted Media access has been blocked because of a Feature Policy applied to the current document. See https://crbug.com/414348233 for more details. @ https://widget.sndcdn.com/widget-9-a34f7755ab5e.js:54
[    3540ms] [ERROR] Permissions policy violation: encrypted-media is not allowed in this document. @ https://widget.sndcdn.com/widget-9-a34f7755ab5e.js:54
[    3540ms] [WARNING] Encrypted Media access has been blocked because of a Feature Policy applied to the current document. See https://crbug.com/414348233 for more details. @ https://widget.sndcdn.com/widget-9-a34f7755ab5e.js:54
[    3540ms] [ERROR] Permissions policy violation: encrypted-media is not allowed in this document. @ https://widget.sndcdn.com/widget-9-a34f7755ab5e.js:54
[    3540ms] [WARNING] Encrypted Media access has been blocked because of a Feature Policy applied to the current document. See https://crbug.com/414348233 for more details. @ https://widget.sndcdn.com/widget-9-a34f7755ab5e.js:54
[    3540ms] [LOG] SoundCloud Embed Player (api-web) @ https://widget.sndcdn.com/widget-9-a34f7755ab5e.js:54
[    3574ms] [ERROR] Permissions policy violation: encrypted-media is not allowed in this document. @ https://widget.sndcdn.com/widget-9-a34f7755ab5e.js:54
[    3574ms] [WARNING] Encrypted Media access has been blocked because of a Feature Policy applied to the current document. See https://crbug.com/414348233 for more details. @ https://widget.sndcdn.com/widget-9-a34f7755ab5e.js:54
[    3574ms] [ERROR] Permissions policy violation: encrypted-media is not allowed in this document. @ https://widget.sndcdn.com/widget-9-a34f7755ab5e.js:54
[    3574ms] [WARNING] Encrypted Media access has been blocked because of a Feature Policy applied to the current document. See https://crbug.com/414348233 for more details. @ https://widget.sndcdn.com/widget-9-a34f7755ab5e.js:54
[    3574ms] [ERROR] Permissions policy violation: encrypted-media is not allowed in this document. @ https://widget.sndcdn.com/widget-9-a34f7755ab5e.js:54
[    3574ms] [WARNING] Encrypted Media access has been blocked because of a Feature Policy applied to the current document. See https://crbug.com/414348233 for more details. @ https://widget.sndcdn.com/widget-9-a34f7755ab5e.js:54
[    3574ms] [LOG] SoundCloud Embed Player (api-web) @ https://widget.sndcdn.com/widget-9-a34f7755ab5e.js:54
[    3645ms] [ERROR] Permissions policy violation: encrypted-media is not allowed in this document. @ https://widget.sndcdn.com/widget-9-a34f7755ab5e.js:54
[    3645ms] [WARNING] Encrypted Media access has been blocked because of a Feature Policy applied to the current document. See https://crbug.com/414348233 for more details. @ https://widget.sndcdn.com/widget-9-a34f7755ab5e.js:54
[    3645ms] [ERROR] Permissions policy violation: encrypted-media is not allowed in this document. @ https://widget.sndcdn.com/widget-9-a34f7755ab5e.js:54
[    3645ms] [WARNING] Encrypted Media access has been blocked because of a Feature Policy applied to the current document. See https://crbug.com/414348233 for more details. @ https://widget.sndcdn.com/widget-9-a34f7755ab5e.js:54
[    3645ms] [ERROR] Permissions policy violation: encrypted-media is not allowed in this document. @ https://widget.sndcdn.com/widget-9-a34f7755ab5e.js:54
[    3645ms] [WARNING] Encrypted Media access has been blocked because of a Feature Policy applied to the current document. See https://crbug.com/414348233 for more details. @ https://widget.sndcdn.com/widget-9-a34f7755ab5e.js:54
[    3645ms] [LOG] SoundCloud Embed Player (api-web) @ https://widget.sndcdn.com/widget-9-a34f7755ab5e.js:54
[    3653ms] [ERROR] Permissions policy violation: encrypted-media is not allowed in this document. @ https://widget.sndcdn.com/widget-9-a34f7755ab5e.js:54
[    3653ms] [WARNING] Encrypted Media access has been blocked because of a Feature Policy applied to the current document. See https://crbug.com/414348233 for more details. @ https://widget.sndcdn.com/widget-9-a34f7755ab5e.js:54
[    3653ms] [ERROR] Permissions policy violation: encrypted-media is not allowed in this document. @ https://widget.sndcdn.com/widget-9-a34f7755ab5e.js:54
[    3653ms] [WARNING] Encrypted Media access has been blocked because of a Feature Policy applied to the current document. See https://crbug.com/414348233 for more details. @ https://widget.sndcdn.com/widget-9-a34f7755ab5e.js:54
[    3653ms] [ERROR] Permissions policy violation: encrypted-media is not allowed in this document. @ https://widget.sndcdn.com/widget-9-a34f7755ab5e.js:54
[    3653ms] [WARNING] Encrypted Media access has been blocked because of a Feature Policy applied to the current document. See https://crbug.com/414348233 for more details. @ https://widget.sndcdn.com/widget-9-a34f7755ab5e.js:54
[    3653ms] [LOG] SoundCloud Embed Player (api-web) @ https://widget.sndcdn.com/widget-9-a34f7755ab5e.js:54
[    3660ms] [ERROR] Permissions policy violation: encrypted-media is not allowed in this document. @ https://widget.sndcdn.com/widget-9-a34f7755ab5e.js:54
[    3660ms] [WARNING] Encrypted Media access has been blocked because of a Feature Policy applied to the current document. See https://crbug.com/414348233 for more details. @ https://widget.sndcdn.com/widget-9-a34f7755ab5e.js:54
[    3660ms] [ERROR] Permissions policy violation: encrypted-media is not allowed in this document. @ https://widget.sndcdn.com/widget-9-a34f7755ab5e.js:54
[    3660ms] [WARNING] Encrypted Media access has been blocked because of a Feature Policy applied to the current document. See https://crbug.com/414348233 for more details. @ https://widget.sndcdn.com/widget-9-a34f7755ab5e.js:54
[    3660ms] [ERROR] Permissions policy violation: encrypted-media is not allowed in this document. @ https://widget.sndcdn.com/widget-9-a34f7755ab5e.js:54
[    3660ms] [WARNING] Encrypted Media access has been blocked because of a Feature Policy applied to the current document. See https://crbug.com/414348233 for more details. @ https://widget.sndcdn.com/widget-9-a34f7755ab5e.js:54
[    3660ms] [LOG] SoundCloud Embed Player (api-web) @ https://widget.sndcdn.com/widget-9-a34f7755ab5e.js:54
[    3668ms] [ERROR] Permissions policy violation: encrypted-media is not allowed in this document. @ https://widget.sndcdn.com/widget-9-a34f7755ab5e.js:54
[    3668ms] [WARNING] Encrypted Media access has been blocked because of a Feature Policy applied to the current document. See https://crbug.com/414348233 for more details. @ https://widget.sndcdn.com/widget-9-a34f7755ab5e.js:54
[    3668ms] [ERROR] Permissions policy violation: encrypted-media is not allowed in this document. @ https://widget.sndcdn.com/widget-9-a34f7755ab5e.js:54
[    3668ms] [WARNING] Encrypted Media access has been blocked because of a Feature Policy applied to the current document. See https://crbug.com/414348233 for more details. @ https://widget.sndcdn.com/widget-9-a34f7755ab5e.js:54
[    3668ms] [ERROR] Permissions policy violation: encrypted-media is not allowed in this document. @ https://widget.sndcdn.com/widget-9-a34f7755ab5e.js:54
[    3668ms] [WARNING] Encrypted Media access has been blocked because of a Feature Policy applied to the current document. See https://crbug.com/414348233 for more details. @ https://widget.sndcdn.com/widget-9-a34f7755ab5e.js:54
[    3668ms] [LOG] SoundCloud Embed Player (api-web) @ https://widget.sndcdn.com/widget-9-a34f7755ab5e.js:54
[    3706ms] [ERROR] Permissions policy violation: encrypted-media is not allowed in this document. @ https://widget.sndcdn.com/widget-9-a34f7755ab5e.js:54
[    3706ms] [WARNING] Encrypted Media access has been blocked because of a Feature Policy applied to the current document. See https://crbug.com/414348233 for more details. @ https://widget.sndcdn.com/widget-9-a34f7755ab5e.js:54
[    3706ms] [ERROR] Permissions policy violation: encrypted-media is not allowed in this document. @ https://widget.sndcdn.com/widget-9-a34f7755ab5e.js:54
[    3706ms] [WARNING] Encrypted Media access has been blocked because of a Feature Policy applied to the current document. See https://crbug.com/414348233 for more details. @ https://widget.sndcdn.com/widget-9-a34f7755ab5e.js:54
[    3706ms] [ERROR] Permissions policy violation: encrypted-media is not allowed in this document. @ https://widget.sndcdn.com/widget-9-a34f7755ab5e.js:54
[    3706ms] [WARNING] Encrypted Media access has been blocked because of a Feature Policy applied to the current document. See https://crbug.com/414348233 for more details. @ https://widget.sndcdn.com/widget-9-a34f7755ab5e.js:54
[    3706ms] [LOG] SoundCloud Embed Player (api-web) @ https://widget.sndcdn.com/widget-9-a34f7755ab5e.js:54
[    3742ms] [ERROR] Permissions policy violation: encrypted-media is not allowed in this document. @ https://widget.sndcdn.com/widget-9-a34f7755ab5e.js:54
[    3742ms] [WARNING] Encrypted Media access has been blocked because of a Feature Policy applied to the current document. See https://crbug.com/414348233 for more details. @ https://widget.sndcdn.com/widget-9-a34f7755ab5e.js:54
[    3742ms] [ERROR] Permissions policy violation: encrypted-media is not allowed in this document. @ https://widget.sndcdn.com/widget-9-a34f7755ab5e.js:54
[    3742ms] [WARNING] Encrypted Media access has been blocked because of a Feature Policy applied to the current document. See https://crbug.com/414348233 for more details. @ https://widget.sndcdn.com/widget-9-a34f7755ab5e.js:54
[    3742ms] [ERROR] Permissions policy violation: encrypted-media is not allowed in this document. @ https://widget.sndcdn.com/widget-9-a34f7755ab5e.js:54
[    3742ms] [WARNING] Encrypted Media access has been blocked because of a Feature Policy applied to the current document. See https://crbug.com/414348233 for more details. @ https://widget.sndcdn.com/widget-9-a34f7755ab5e.js:54
[    3742ms] [LOG] SoundCloud Embed Player (api-web) @ https://widget.sndcdn.com/widget-9-a34f7755ab5e.js:54
[    3778ms] [ERROR] Permissions policy violation: encrypted-media is not allowed in this document. @ https://widget.sndcdn.com/widget-9-a34f7755ab5e.js:54
[    3778ms] [WARNING] Encrypted Media access has been blocked because of a Feature Policy applied to the current document. See https://crbug.com/414348233 for more details. @ https://widget.sndcdn.com/widget-9-a34f7755ab5e.js:54
[    3778ms] [ERROR] Permissions policy violation: encrypted-media is not allowed in this document. @ https://widget.sndcdn.com/widget-9-a34f7755ab5e.js:54
[    3779ms] [WARNING] Encrypted Media access has been blocked because of a Feature Policy applied to the current document. See https://crbug.com/414348233 for more details. @ https://widget.sndcdn.com/widget-9-a34f7755ab5e.js:54
[    3779ms] [ERROR] Permissions policy violation: encrypted-media is not allowed in this document. @ https://widget.sndcdn.com/widget-9-a34f7755ab5e.js:54
[    3779ms] [WARNING] Encrypted Media access has been blocked because of a Feature Policy applied to the current document. See https://crbug.com/414348233 for more details. @ https://widget.sndcdn.com/widget-9-a34f7755ab5e.js:54
[    3779ms] [LOG] SoundCloud Embed Player (api-web) @ https://widget.sndcdn.com/widget-9-a34f7755ab5e.js:54
[    3787ms] [ERROR] Permissions policy violation: encrypted-media is not allowed in this document. @ https://widget.sndcdn.com/widget-9-a34f7755ab5e.js:54
[    3787ms] [WARNING] Encrypted Media access has been blocked because of a Feature Policy applied to the current document. See https://crbug.com/414348233 for more details. @ https://widget.sndcdn.com/widget-9-a34f7755ab5e.js:54
[    3787ms] [ERROR] Permissions policy violation: encrypted-media is not allowed in this document. @ https://widget.sndcdn.com/widget-9-a34f7755ab5e.js:54
[    3787ms] [WARNING] Encrypted Media access has been blocked because of a Feature Policy applied to the current document. See https://crbug.com/414348233 for more details. @ https://widget.sndcdn.com/widget-9-a34f7755ab5e.js:54
[    3787ms] [ERROR] Permissions policy violation: encrypted-media is not allowed in this document. @ https://widget.sndcdn.com/widget-9-a34f7755ab5e.js:54
[    3787ms] [WARNING] Encrypted Media access has been blocked because of a Feature Policy applied to the current document. See https://crbug.com/414348233 for more details. @ https://widget.sndcdn.com/widget-9-a34f7755ab5e.js:54
[    3787ms] [LOG] SoundCloud Embed Player (api-web) @ https://widget.sndcdn.com/widget-9-a34f7755ab5e.js:54
[    3797ms] [ERROR] Permissions policy violation: encrypted-media is not allowed in this document. @ https://widget.sndcdn.com/widget-9-a34f7755ab5e.js:54
[    3797ms] [WARNING] Encrypted Media access has been blocked because of a Feature Policy applied to the current document. See https://crbug.com/414348233 for more details. @ https://widget.sndcdn.com/widget-9-a34f7755ab5e.js:54
[    3797ms] [ERROR] Permissions policy violation: encrypted-media is not allowed in this document. @ https://widget.sndcdn.com/widget-9-a34f7755ab5e.js:54
[    3797ms] [WARNING] Encrypted Media access has been blocked because of a Feature Policy applied to the current document. See https://crbug.com/414348233 for more details. @ https://widget.sndcdn.com/widget-9-a34f7755ab5e.js:54
[    3797ms] [ERROR] Permissions policy violation: encrypted-media is not allowed in this document. @ https://widget.sndcdn.com/widget-9-a34f7755ab5e.js:54
[    3797ms] [WARNING] Encrypted Media access has been blocked because of a Feature Policy applied to the current document. See https://crbug.com/414348233 for more details. @ https://widget.sndcdn.com/widget-9-a34f7755ab5e.js:54
[    3797ms] [LOG] SoundCloud Embed Player (api-web) @ https://widget.sndcdn.com/widget-9-a34f7755ab5e.js:54
[    3817ms] [ERROR] Permissions policy violation: encrypted-media is not allowed in this document. @ https://widget.sndcdn.com/widget-9-a34f7755ab5e.js:54
[    3818ms] [WARNING] Encrypted Media access has been blocked because of a Feature Policy applied to the current document. See https://crbug.com/414348233 for more details. @ https://widget.sndcdn.com/widget-9-a34f7755ab5e.js:54
[    3818ms] [ERROR] Permissions policy violation: encrypted-media is not allowed in this document. @ https://widget.sndcdn.com/widget-9-a34f7755ab5e.js:54
[    3818ms] [WARNING] Encrypted Media access has been blocked because of a Feature Policy applied to the current document. See https://crbug.com/414348233 for more details. @ https://widget.sndcdn.com/widget-9-a34f7755ab5e.js:54
[    3818ms] [ERROR] Permissions policy violation: encrypted-media is not allowed in this document. @ https://widget.sndcdn.com/widget-9-a34f7755ab5e.js:54
[    3818ms] [WARNING] Encrypted Media access has been blocked because of a Feature Policy applied to the current document. See https://crbug.com/414348233 for more details. @ https://widget.sndcdn.com/widget-9-a34f7755ab5e.js:54
[    3818ms] [LOG] SoundCloud Embed Player (api-web) @ https://widget.sndcdn.com/widget-9-a34f7755ab5e.js:54
[    3861ms] [ERROR] Permissions policy violation: encrypted-media is not allowed in this document. @ https://widget.sndcdn.com/widget-9-a34f7755ab5e.js:54
[    3861ms] [WARNING] Encrypted Media access has been blocked because of a Feature Policy applied to the current document. See https://crbug.com/414348233 for more details. @ https://widget.sndcdn.com/widget-9-a34f7755ab5e.js:54
[    3861ms] [ERROR] Permissions policy violation: encrypted-media is not allowed in this document. @ https://widget.sndcdn.com/widget-9-a34f7755ab5e.js:54
[    3861ms] [WARNING] Encrypted Media access has been blocked because of a Feature Policy applied to the current document. See https://crbug.com/414348233 for more details. @ https://widget.sndcdn.com/widget-9-a34f7755ab5e.js:54
[    3861ms] [ERROR] Permissions policy violation: encrypted-media is not allowed in this document. @ https://widget.sndcdn.com/widget-9-a34f7755ab5e.js:54
[    3861ms] [WARNING] Encrypted Media access has been blocked because of a Feature Policy applied to the current document. See https://crbug.com/414348233 for more details. @ https://widget.sndcdn.com/widget-9-a34f7755ab5e.js:54
[    3861ms] [LOG] SoundCloud Embed Player (api-web) @ https://widget.sndcdn.com/widget-9-a34f7755ab5e.js:54
[    3900ms] [ERROR] Permissions policy violation: encrypted-media is not allowed in this document. @ https://widget.sndcdn.com/widget-9-a34f7755ab5e.js:54
[    3901ms] [WARNING] Encrypted Media access has been blocked because of a Feature Policy applied to the current document. See https://crbug.com/414348233 for more details. @ https://widget.sndcdn.com/widget-9-a34f7755ab5e.js:54
[    3901ms] [ERROR] Permissions policy violation: encrypted-media is not allowed in this document. @ https://widget.sndcdn.com/widget-9-a34f7755ab5e.js:54
[    3901ms] [WARNING] Encrypted Media access has been blocked because of a Feature Policy applied to the current document. See https://crbug.com/414348233 for more details. @ https://widget.sndcdn.com/widget-9-a34f7755ab5e.js:54
[    3901ms] [ERROR] Permissions policy violation: encrypted-media is not allowed in this document. @ https://widget.sndcdn.com/widget-9-a34f7755ab5e.js:54
[    3901ms] [WARNING] Encrypted Media access has been blocked because of a Feature Policy applied to the current document. See https://crbug.com/414348233 for more details. @ https://widget.sndcdn.com/widget-9-a34f7755ab5e.js:54
[    3901ms] [LOG] SoundCloud Embed Player (api-web) @ https://widget.sndcdn.com/widget-9-a34f7755ab5e.js:54
[    3927ms] [ERROR] Permissions policy violation: encrypted-media is not allowed in this document. @ https://widget.sndcdn.com/widget-9-a34f7755ab5e.js:54
[    3927ms] [WARNING] Encrypted Media access has been blocked because of a Feature Policy applied to the current document. See https://crbug.com/414348233 for more details. @ https://widget.sndcdn.com/widget-9-a34f7755ab5e.js:54
[    3927ms] [ERROR] Permissions policy violation: encrypted-media is not allowed in this document. @ https://widget.sndcdn.com/widget-9-a34f7755ab5e.js:54
[    3927ms] [WARNING] Encrypted Media access has been blocked because of a Feature Policy applied to the current document. See https://crbug.com/414348233 for more details. @ https://widget.sndcdn.com/widget-9-a34f7755ab5e.js:54
[    3927ms] [ERROR] Permissions policy violation: encrypted-media is not allowed in this document. @ https://widget.sndcdn.com/widget-9-a34f7755ab5e.js:54
[    3927ms] [WARNING] Encrypted Media access has been blocked because of a Feature Policy applied to the current document. See https://crbug.com/414348233 for more details. @ https://widget.sndcdn.com/widget-9-a34f7755ab5e.js:54
[    3927ms] [LOG] SoundCloud Embed Player (api-web) @ https://widget.sndcdn.com/widget-9-a34f7755ab5e.js:54
[    3983ms] [ERROR] Permissions policy violation: encrypted-media is not allowed in this document. @ https://widget.sndcdn.com/widget-9-a34f7755ab5e.js:54
[    3983ms] [WARNING] Encrypted Media access has been blocked because of a Feature Policy applied to the current document. See https://crbug.com/414348233 for more details. @ https://widget.sndcdn.com/widget-9-a34f7755ab5e.js:54
[    3983ms] [ERROR] Permissions policy violation: encrypted-media is not allowed in this document. @ https://widget.sndcdn.com/widget-9-a34f7755ab5e.js:54
[    3983ms] [WARNING] Encrypted Media access has been blocked because of a Feature Policy applied to the current document. See https://crbug.com/414348233 for more details. @ https://widget.sndcdn.com/widget-9-a34f7755ab5e.js:54
[    3983ms] [ERROR] Permissions policy violation: encrypted-media is not allowed in this document. @ https://widget.sndcdn.com/widget-9-a34f7755ab5e.js:54
[    3983ms] [WARNING] Encrypted Media access has been blocked because of a Feature Policy applied to the current document. See https://crbug.com/414348233 for more details. @ https://widget.sndcdn.com/widget-9-a34f7755ab5e.js:54
[    3983ms] [LOG] SoundCloud Embed Player (api-web) @ https://widget.sndcdn.com/widget-9-a34f7755ab5e.js:54
[    6329ms] [WARNING] The resource https://player-widget.mixcloud.com/assets/mix-RbQjuyZ0-dm-sans-latin-wght-normal.woff2 was preloaded using link preload but not used within a few seconds from the window's load event. Please make sure it has an appropriate `as` value and it is preloaded intentionally. @ https://player-widget.mixcloud.com/widget/iframe?feed=%2Fdj-nerva%2Fdj-es-nerva-at-royal-blue-3-star-wars-edition%2F:0
[    6329ms] [WARNING] The resource https://player-widget.mixcloud.com/assets/mix-BQjZ2nPP-open-sans-latin-wght-normal.woff2 was preloaded using link preload but not used within a few seconds from the window's load event. Please make sure it has an appropriate `as` value and it is preloaded intentionally. @ https://player-widget.mixcloud.com/widget/iframe?feed=%2Fdj-nerva%2Fdj-es-nerva-at-royal-blue-3-star-wars-edition%2F:0
[   10829ms] [WARNING] The resource https://player-widget.mixcloud.com/assets/mix-RbQjuyZ0-dm-sans-latin-wght-normal.woff2 was preloaded using link preload but not used within a few seconds from the window's load event. Please make sure it has an appropriate `as` value and it is preloaded intentionally. @ https://player-widget.mixcloud.com/widget/iframe?feed=%2Fdj-nerva%2Ftechno-selects-1%2F:0
[   10829ms] [WARNING] The resource https://player-widget.mixcloud.com/assets/mix-BQjZ2nPP-open-sans-latin-wght-normal.woff2 was preloaded using link preload but not used within a few seconds from the window's load event. Please make sure it has an appropriate `as` value and it is preloaded intentionally. @ https://player-widget.mixcloud.com/widget/iframe?feed=%2Fdj-nerva%2Ftechno-selects-1%2F:0
[   10913ms] [WARNING] The resource https://player-widget.mixcloud.com/assets/mix-RbQjuyZ0-dm-sans-latin-wght-normal.woff2 was preloaded using link preload but not used within a few seconds from the window's load event. Please make sure it has an appropriate `as` value and it is preloaded intentionally. @ https://player-widget.mixcloud.com/widget/iframe?feed=%2Fdj-nerva%2Fclub-selects%2F:0
[   10913ms] [WARNING] The resource https://player-widget.mixcloud.com/assets/mix-BQjZ2nPP-open-sans-latin-wght-normal.woff2 was preloaded using link preload but not used within a few seconds from the window's load event. Please make sure it has an appropriate `as` value and it is preloaded intentionally. @ https://player-widget.mixcloud.com/widget/iframe?feed=%2Fdj-nerva%2Fclub-selects%2F:0
[   10945ms] [WARNING] The resource https://player-widget.mixcloud.com/assets/mix-RbQjuyZ0-dm-sans-latin-wght-normal.woff2 was preloaded using link preload but not used within a few seconds from the window's load event. Please make sure it has an appropriate `as` value and it is preloaded intentionally. @ https://player-widget.mixcloud.com/widget/iframe?feed=%2Fdj-nerva%2Fjungle-dnb%2F:0
[   10945ms] [WARNING] The resource https://player-widget.mixcloud.com/assets/mix-BQjZ2nPP-open-sans-latin-wght-normal.woff2 was preloaded using link preload but not used within a few seconds from the window's load event. Please make sure it has an appropriate `as` value and it is preloaded intentionally. @ https://player-widget.mixcloud.com/widget/iframe?feed=%2Fdj-nerva%2Fjungle-dnb%2F:0
[   10947ms] [WARNING] The resource https://player-widget.mixcloud.com/assets/mix-RbQjuyZ0-dm-sans-latin-wght-normal.woff2 was preloaded using link preload but not used within a few seconds from the window's load event. Please make sure it has an appropriate `as` value and it is preloaded intentionally. @ https://player-widget.mixcloud.com/widget/iframe?feed=%2Fdj-nerva%2Fimpervious-anecdotal-visual-artists-adam-stab-paul-taylor-zo-gallery-w-dj-set-by-nerva%2F:0
[   10947ms] [WARNING] The resource https://player-widget.mixcloud.com/assets/mix-BQjZ2nPP-open-sans-latin-wght-normal.woff2 was preloaded using link preload but not used within a few seconds from the window's load event. Please make sure it has an appropriate `as` value and it is preloaded intentionally. @ https://player-widget.mixcloud.com/widget/iframe?feed=%2Fdj-nerva%2Fimpervious-anecdotal-visual-artists-adam-stab-paul-taylor-zo-gallery-w-dj-set-by-nerva%2F:0
[   10951ms] [WARNING] The resource https://player-widget.mixcloud.com/assets/mix-RbQjuyZ0-dm-sans-latin-wght-normal.woff2 was preloaded using link preload but not used within a few seconds from the window's load event. Please make sure it has an appropriate `as` value and it is preloaded intentionally. @ https://player-widget.mixcloud.com/widget/iframe?feed=%2Fdj-nerva%2Foff-the-rails-practice-mix%2F:0
[   10951ms] [WARNING] The resource https://player-widget.mixcloud.com/assets/mix-BQjZ2nPP-open-sans-latin-wght-normal.woff2 was preloaded using link preload but not used within a few seconds from the window's load event. Please make sure it has an appropriate `as` value and it is preloaded intentionally. @ https://player-widget.mixcloud.com/widget/iframe?feed=%2Fdj-nerva%2Foff-the-rails-practice-mix%2F:0
[   11028ms] [WARNING] The resource https://player-widget.mixcloud.com/assets/mix-RbQjuyZ0-dm-sans-latin-wght-normal.woff2 was preloaded using link preload but not used within a few seconds from the window's load event. Please make sure it has an appropriate `as` value and it is preloaded intentionally. @ https://player-widget.mixcloud.com/widget/iframe?feed=%2Fdj-nerva%2Fpride-dance-stage-practice-mix-2024%2F:0
[   11028ms] [WARNING] The resource https://player-widget.mixcloud.com/assets/mix-BQjZ2nPP-open-sans-latin-wght-normal.woff2 was preloaded using link preload but not used within a few seconds from the window's load event. Please make sure it has an appropriate `as` value and it is preloaded intentionally. @ https://player-widget.mixcloud.com/widget/iframe?feed=%2Fdj-nerva%2Fpride-dance-stage-practice-mix-2024%2F:0
[   11041ms] [WARNING] The resource https://player-widget.mixcloud.com/assets/mix-RbQjuyZ0-dm-sans-latin-wght-normal.woff2 was preloaded using link preload but not used within a few seconds from the window's load event. Please make sure it has an appropriate `as` value and it is preloaded intentionally. @ https://player-widget.mixcloud.com/widget/iframe?feed=%2Fdj-nerva%2Fdrum-bass-selects%2F:0
[   11041ms] [WARNING] The resource https://player-widget.mixcloud.com/assets/mix-BQjZ2nPP-open-sans-latin-wght-normal.woff2 was preloaded using link preload but not used within a few seconds from the window's load event. Please make sure it has an appropriate `as` value and it is preloaded intentionally. @ https://player-widget.mixcloud.com/widget/iframe?feed=%2Fdj-nerva%2Fdrum-bass-selects%2F:0
[   11499ms] [WARNING] The resource https://player-widget.mixcloud.com/assets/mix-RbQjuyZ0-dm-sans-latin-wght-normal.woff2 was preloaded using link preload but not used within a few seconds from the window's load event. Please make sure it has an appropriate `as` value and it is preloaded intentionally. @ https://player-widget.mixcloud.com/widget/iframe?feed=%2Fdj-nerva%2Fspirit-world-round-2-b2b-w-oldboyslug%2F:0
[   11499ms] [WARNING] The resource https://player-widget.mixcloud.com/assets/mix-BQjZ2nPP-open-sans-latin-wght-normal.woff2 was preloaded using link preload but not used within a few seconds from the window's load event. Please make sure it has an appropriate `as` value and it is preloaded intentionally. @ https://player-widget.mixcloud.com/widget/iframe?feed=%2Fdj-nerva%2Fspirit-world-round-2-b2b-w-oldboyslug%2F:0
[   27419ms] [WARNING] Unrecognized feature: 'speaker-selection'. @ http://127.0.0.1:5500/:236
[   27426ms] [LOG] Hero image set: {desktopUrl: splash-images/6/bm_nerva_Dense_jungle_with_neon-ou…it_09abfacb-63f0-416e-b2eb-ce913255387a_2.png?v=1, mobileUrl: splash-images/6/bm_nerva_Dense_jungle_with_neon-ou…it_cc7a2612-cbe1-47e9-96d9-6b891da98ebc_1.png?v=1} @ http://127.0.0.1:5500/main.js:93
[   27426ms] [LOG] Theme colors set: {primaryColor: #27b3e8, secondaryColor: #045175, accentColor: #f89edc} @ http://127.0.0.1:5500/main.js:101
[   27455ms] [LOG] SoundCloud iframe colors updated: #27b3e8 @ http://127.0.0.1:5500/main.js:122
[   29260ms] [ERROR] Failed to load resource: the server responded with a status of 404 () @ https://player-widget.mixcloud.com/mix-D-rK8BlV-MixcloudWordmarkLogo.svg#use-href-target:0
[   29269ms] [ERROR] Permissions policy violation: encrypted-media is not allowed in this document. @ https://player-widget.mixcloud.com/assets/index-DFbmkmY8.js:34
[   29269ms] [WARNING] Encrypted Media access has been blocked because of a Feature Policy applied to the current document. See https://crbug.com/414348233 for more details. @ https://player-widget.mixcloud.com/assets/index-DFbmkmY8.js:34
[   29269ms] [ERROR] Permissions policy violation: encrypted-media is not allowed in this document. @ https://player-widget.mixcloud.com/assets/index-DFbmkmY8.js:34
[   29269ms] [WARNING] Encrypted Media access has been blocked because of a Feature Policy applied to the current document. See https://crbug.com/414348233 for more details. @ https://player-widget.mixcloud.com/assets/index-DFbmkmY8.js:34
[   29269ms] [ERROR] Permissions policy violation: encrypted-media is not allowed in this document. @ https://player-widget.mixcloud.com/assets/index-DFbmkmY8.js:34
[   29269ms] [WARNING] Encrypted Media access has been blocked because of a Feature Policy applied to the current document. See https://crbug.com/414348233 for more details. @ https://player-widget.mixcloud.com/assets/index-DFbmkmY8.js:34
[   29274ms] [ERROR] Permissions policy violation: encrypted-media is not allowed in this document. @ https://player-widget.mixcloud.com/assets/index-DFbmkmY8.js:34
[   29274ms] [WARNING] Encrypted Media access has been blocked because of a Feature Policy applied to the current document. See https://crbug.com/414348233 for more details. @ https://player-widget.mixcloud.com/assets/index-DFbmkmY8.js:34
[   29274ms] [ERROR] Permissions policy violation: encrypted-media is not allowed in this document. @ https://player-widget.mixcloud.com/assets/index-DFbmkmY8.js:34
[   29274ms] [WARNING] Encrypted Media access has been blocked because of a Feature Policy applied to the current document. See https://crbug.com/414348233 for more details. @ https://player-widget.mixcloud.com/assets/index-DFbmkmY8.js:34
[   29274ms] [ERROR] Permissions policy violation: encrypted-media is not allowed in this document. @ https://player-widget.mixcloud.com/assets/index-DFbmkmY8.js:34
[   29274ms] [WARNING] Encrypted Media access has been blocked because of a Feature Policy applied to the current document. See https://crbug.com/414348233 for more details. @ https://player-widget.mixcloud.com/assets/index-DFbmkmY8.js:34
[   29282ms] [ERROR] Permissions policy violation: encrypted-media is not allowed in this document. @ https://player-widget.mixcloud.com/assets/index-DFbmkmY8.js:34
[   29282ms] [WARNING] Encrypted Media access has been blocked because of a Feature Policy applied to the current document. See https://crbug.com/414348233 for more details. @ https://player-widget.mixcloud.com/assets/index-DFbmkmY8.js:34
[   29282ms] [ERROR] Permissions policy violation: encrypted-media is not allowed in this document. @ https://player-widget.mixcloud.com/assets/index-DFbmkmY8.js:34
[   29282ms] [WARNING] Encrypted Media access has been blocked because of a Feature Policy applied to the current document. See https://crbug.com/414348233 for more details. @ https://player-widget.mixcloud.com/assets/index-DFbmkmY8.js:34
[   29282ms] [ERROR] Permissions policy violation: encrypted-media is not allowed in this document. @ https://player-widget.mixcloud.com/assets/index-DFbmkmY8.js:34
[   29282ms] [WARNING] Encrypted Media access has been blocked because of a Feature Policy applied to the current document. See https://crbug.com/414348233 for more details. @ https://player-widget.mixcloud.com/assets/index-DFbmkmY8.js:34
[   29319ms] [ERROR] Permissions policy violation: encrypted-media is not allowed in this document. @ https://player-widget.mixcloud.com/assets/index-DFbmkmY8.js:34
[   29319ms] [WARNING] Encrypted Media access has been blocked because of a Feature Policy applied to the current document. See https://crbug.com/414348233 for more details. @ https://player-widget.mixcloud.com/assets/index-DFbmkmY8.js:34
[   29319ms] [ERROR] Permissions policy violation: encrypted-media is not allowed in this document. @ https://player-widget.mixcloud.com/assets/index-DFbmkmY8.js:34
[   29319ms] [WARNING] Encrypted Media access has been blocked because of a Feature Policy applied to the current document. See https://crbug.com/414348233 for more details. @ https://player-widget.mixcloud.com/assets/index-DFbmkmY8.js:34
[   29319ms] [ERROR] Permissions policy violation: encrypted-media is not allowed in this document. @ https://player-widget.mixcloud.com/assets/index-DFbmkmY8.js:34
[   29319ms] [WARNING] Encrypted Media access has been blocked because of a Feature Policy applied to the current document. See https://crbug.com/414348233 for more details. @ https://player-widget.mixcloud.com/assets/index-DFbmkmY8.js:34
[   29320ms] [ERROR] Failed to load resource: the server responded with a status of 404 () @ https://player-widget.mixcloud.com/mix-D-rK8BlV-MixcloudWordmarkLogo.svg#use-href-target:0
[   29323ms] [ERROR] Permissions policy violation: encrypted-media is not allowed in this document. @ https://player-widget.mixcloud.com/assets/index-DFbmkmY8.js:34
[   29323ms] [WARNING] Encrypted Media access has been blocked because of a Feature Policy applied to the current document. See https://crbug.com/414348233 for more details. @ https://player-widget.mixcloud.com/assets/index-DFbmkmY8.js:34
[   29324ms] [ERROR] Permissions policy violation: encrypted-media is not allowed in this document. @ https://player-widget.mixcloud.com/assets/index-DFbmkmY8.js:34
[   29324ms] [WARNING] Encrypted Media access has been blocked because of a Feature Policy applied to the current document. See https://crbug.com/414348233 for more details. @ https://player-widget.mixcloud.com/assets/index-DFbmkmY8.js:34
[   29324ms] [ERROR] Permissions policy violation: encrypted-media is not allowed in this document. @ https://player-widget.mixcloud.com/assets/index-DFbmkmY8.js:34
[   29324ms] [WARNING] Encrypted Media access has been blocked because of a Feature Policy applied to the current document. See https://crbug.com/414348233 for more details. @ https://player-widget.mixcloud.com/assets/index-DFbmkmY8.js:34
[   29325ms] [ERROR] Failed to load resource: the server responded with a status of 404 () @ https://player-widget.mixcloud.com/mix-D-rK8BlV-MixcloudWordmarkLogo.svg#use-href-target:0
[   29335ms] [ERROR] Permissions policy violation: encrypted-media is not allowed in this document. @ https://player-widget.mixcloud.com/assets/index-DFbmkmY8.js:34
[   29335ms] [WARNING] Encrypted Media access has been blocked because of a Feature Policy applied to the current document. See https://crbug.com/414348233 for more details. @ https://player-widget.mixcloud.com/assets/index-DFbmkmY8.js:34
[   29335ms] [ERROR] Permissions policy violation: encrypted-media is not allowed in this document. @ https://player-widget.mixcloud.com/assets/index-DFbmkmY8.js:34
[   29335ms] [WARNING] Encrypted Media access has been blocked because of a Feature Policy applied to the current document. See https://crbug.com/414348233 for more details. @ https://player-widget.mixcloud.com/assets/index-DFbmkmY8.js:34
[   29335ms] [ERROR] Permissions policy violation: encrypted-media is not allowed in this document. @ https://player-widget.mixcloud.com/assets/index-DFbmkmY8.js:34
[   29335ms] [WARNING] Encrypted Media access has been blocked because of a Feature Policy applied to the current document. See https://crbug.com/414348233 for more details. @ https://player-widget.mixcloud.com/assets/index-DFbmkmY8.js:34
[   29339ms] [ERROR] Permissions policy violation: encrypted-media is not allowed in this document. @ https://player-widget.mixcloud.com/assets/index-DFbmkmY8.js:34
[   29339ms] [WARNING] Encrypted Media access has been blocked because of a Feature Policy applied to the current document. See https://crbug.com/414348233 for more details. @ https://player-widget.mixcloud.com/assets/index-DFbmkmY8.js:34
[   29339ms] [ERROR] Permissions policy violation: encrypted-media is not allowed in this document. @ https://player-widget.mixcloud.com/assets/index-DFbmkmY8.js:34
[   29339ms] [WARNING] Encrypted Media access has been blocked because of a Feature Policy applied to the current document. See https://crbug.com/414348233 for more details. @ https://player-widget.mixcloud.com/assets/index-DFbmkmY8.js:34
[   29339ms] [ERROR] Permissions policy violation: encrypted-media is not allowed in this document. @ https://player-widget.mixcloud.com/assets/index-DFbmkmY8.js:34
[   29339ms] [WARNING] Encrypted Media access has been blocked because of a Feature Policy applied to the current document. See https://crbug.com/414348233 for more details. @ https://player-widget.mixcloud.com/assets/index-DFbmkmY8.js:34
[   29350ms] [ERROR] Permissions policy violation: encrypted-media is not allowed in this document. @ https://player-widget.mixcloud.com/assets/index-DFbmkmY8.js:34
[   29350ms] [WARNING] Encrypted Media access has been blocked because of a Feature Policy applied to the current document. See https://crbug.com/414348233 for more details. @ https://player-widget.mixcloud.com/assets/index-DFbmkmY8.js:34
[   29350ms] [ERROR] Permissions policy violation: encrypted-media is not allowed in this document. @ https://player-widget.mixcloud.com/assets/index-DFbmkmY8.js:34
[   29350ms] [WARNING] Encrypted Media access has been blocked because of a Feature Policy applied to the current document. See https://crbug.com/414348233 for more details. @ https://player-widget.mixcloud.com/assets/index-DFbmkmY8.js:34
[   29350ms] [ERROR] Permissions policy violation: encrypted-media is not allowed in this document. @ https://player-widget.mixcloud.com/assets/index-DFbmkmY8.js:34
[   29350ms] [WARNING] Encrypted Media access has been blocked because of a Feature Policy applied to the current document. See https://crbug.com/414348233 for more details. @ https://player-widget.mixcloud.com/assets/index-DFbmkmY8.js:34
[   29363ms] [ERROR] Permissions policy violation: encrypted-media is not allowed in this document. @ https://player-widget.mixcloud.com/assets/index-DFbmkmY8.js:34
[   29363ms] [WARNING] Encrypted Media access has been blocked because of a Feature Policy applied to the current document. See https://crbug.com/414348233 for more details. @ https://player-widget.mixcloud.com/assets/index-DFbmkmY8.js:34
[   29363ms] [ERROR] Permissions policy violation: encrypted-media is not allowed in this document. @ https://player-widget.mixcloud.com/assets/index-DFbmkmY8.js:34
[   29363ms] [WARNING] Encrypted Media access has been blocked because of a Feature Policy applied to the current document. See https://crbug.com/414348233 for more details. @ https://player-widget.mixcloud.com/assets/index-DFbmkmY8.js:34
[   29363ms] [ERROR] Permissions policy violation: encrypted-media is not allowed in this document. @ https://player-widget.mixcloud.com/assets/index-DFbmkmY8.js:34
[   29363ms] [WARNING] Encrypted Media access has been blocked because of a Feature Policy applied to the current document. See https://crbug.com/414348233 for more details. @ https://player-widget.mixcloud.com/assets/index-DFbmkmY8.js:34
[   29366ms] [ERROR] Failed to load resource: the server responded with a status of 404 () @ https://player-widget.mixcloud.com/mix-D-rK8BlV-MixcloudWordmarkLogo.svg#use-href-target:0
[   29398ms] [ERROR] Failed to load resource: the server responded with a status of 404 () @ https://player-widget.mixcloud.com/mix-D-rK8BlV-MixcloudWordmarkLogo.svg#use-href-target:0
[   29431ms] [ERROR] Failed to load resource: the server responded with a status of 404 () @ https://player-widget.mixcloud.com/mix-D-rK8BlV-MixcloudWordmarkLogo.svg#use-href-target:0
[   29466ms] [ERROR] Failed to load resource: the server responded with a status of 404 () @ https://player-widget.mixcloud.com/mix-D-rK8BlV-MixcloudWordmarkLogo.svg#use-href-target:0
[   29499ms] [ERROR] Failed to load resource: the server responded with a status of 404 () @ https://player-widget.mixcloud.com/mix-D-rK8BlV-MixcloudWordmarkLogo.svg#use-href-target:0
[   29549ms] [ERROR] Failed to load resource: the server responded with a status of 404 () @ https://player-widget.mixcloud.com/mix-D-rK8BlV-MixcloudWordmarkLogo.svg#use-href-target:0
[   30580ms] [ERROR] Permissions policy violation: encrypted-media is not allowed in this document. @ https://widget.sndcdn.com/widget-9-a34f7755ab5e.js:54
[   30580ms] [WARNING] Encrypted Media access has been blocked because of a Feature Policy applied to the current document. See https://crbug.com/414348233 for more details. @ https://widget.sndcdn.com/widget-9-a34f7755ab5e.js:54
[   30580ms] [ERROR] Permissions policy violation: encrypted-media is not allowed in this document. @ https://widget.sndcdn.com/widget-9-a34f7755ab5e.js:54
[   30580ms] [WARNING] Encrypted Media access has been blocked because of a Feature Policy applied to the current document. See https://crbug.com/414348233 for more details. @ https://widget.sndcdn.com/widget-9-a34f7755ab5e.js:54
[   30580ms] [ERROR] Permissions policy violation: encrypted-media is not allowed in this document. @ https://widget.sndcdn.com/widget-9-a34f7755ab5e.js:54
[   30580ms] [WARNING] Encrypted Media access has been blocked because of a Feature Policy applied to the current document. See https://crbug.com/414348233 for more details. @ https://widget.sndcdn.com/widget-9-a34f7755ab5e.js:54
[   30580ms] [LOG] SoundCloud Embed Player (api-web) @ https://widget.sndcdn.com/widget-9-a34f7755ab5e.js:54
[   30721ms] [ERROR] Permissions policy violation: encrypted-media is not allowed in this document. @ https://widget.sndcdn.com/widget-9-a34f7755ab5e.js:54
[   30722ms] [WARNING] Encrypted Media access has been blocked because of a Feature Policy applied to the current document. See https://crbug.com/414348233 for more details. @ https://widget.sndcdn.com/widget-9-a34f7755ab5e.js:54
[   30722ms] [ERROR] Permissions policy violation: encrypted-media is not allowed in this document. @ https://widget.sndcdn.com/widget-9-a34f7755ab5e.js:54
[   30722ms] [WARNING] Encrypted Media access has been blocked because of a Feature Policy applied to the current document. See https://crbug.com/414348233 for more details. @ https://widget.sndcdn.com/widget-9-a34f7755ab5e.js:54
[   30722ms] [ERROR] Permissions policy violation: encrypted-media is not allowed in this document. @ https://widget.sndcdn.com/widget-9-a34f7755ab5e.js:54
[   30722ms] [WARNING] Encrypted Media access has been blocked because of a Feature Policy applied to the current document. See https://crbug.com/414348233 for more details. @ https://widget.sndcdn.com/widget-9-a34f7755ab5e.js:54
[   30722ms] [LOG] SoundCloud Embed Player (api-web) @ https://widget.sndcdn.com/widget-9-a34f7755ab5e.js:54
[   30741ms] [ERROR] Permissions policy violation: encrypted-media is not allowed in this document. @ https://widget.sndcdn.com/widget-9-a34f7755ab5e.js:54
[   30741ms] [WARNING] Encrypted Media access has been blocked because of a Feature Policy applied to the current document. See https://crbug.com/414348233 for more details. @ https://widget.sndcdn.com/widget-9-a34f7755ab5e.js:54
[   30741ms] [ERROR] Permissions policy violation: encrypted-media is not allowed in this document. @ https://widget.sndcdn.com/widget-9-a34f7755ab5e.js:54
[   30741ms] [WARNING] Encrypted Media access has been blocked because of a Feature Policy applied to the current document. See https://crbug.com/414348233 for more details. @ https://widget.sndcdn.com/widget-9-a34f7755ab5e.js:54
[   30741ms] [ERROR] Permissions policy violation: encrypted-media is not allowed in this document. @ https://widget.sndcdn.com/widget-9-a34f7755ab5e.js:54
[   30741ms] [WARNING] Encrypted Media access has been blocked because of a Feature Policy applied to the current document. See https://crbug.com/414348233 for more details. @ https://widget.sndcdn.com/widget-9-a34f7755ab5e.js:54
[   30741ms] [LOG] SoundCloud Embed Player (api-web) @ https://widget.sndcdn.com/widget-9-a34f7755ab5e.js:54
[   30755ms] [ERROR] Permissions policy violation: encrypted-media is not allowed in this document. @ https://widget.sndcdn.com/widget-9-a34f7755ab5e.js:54
[   30755ms] [WARNING] Encrypted Media access has been blocked because of a Feature Policy applied to the current document. See https://crbug.com/414348233 for more details. @ https://widget.sndcdn.com/widget-9-a34f7755ab5e.js:54
[   30755ms] [ERROR] Permissions policy violation: encrypted-media is not allowed in this document. @ https://widget.sndcdn.com/widget-9-a34f7755ab5e.js:54
[   30755ms] [WARNING] Encrypted Media access has been blocked because of a Feature Policy applied to the current document. See https://crbug.com/414348233 for more details. @ https://widget.sndcdn.com/widget-9-a34f7755ab5e.js:54
[   30755ms] [ERROR] Permissions policy violation: encrypted-media is not allowed in this document. @ https://widget.sndcdn.com/widget-9-a34f7755ab5e.js:54
[   30755ms] [WARNING] Encrypted Media access has been blocked because of a Feature Policy applied to the current document. See https://crbug.com/414348233 for more details. @ https://widget.sndcdn.com/widget-9-a34f7755ab5e.js:54
[   30756ms] [LOG] SoundCloud Embed Player (api-web) @ https://widget.sndcdn.com/widget-9-a34f7755ab5e.js:54
[   30761ms] [ERROR] Permissions policy violation: encrypted-media is not allowed in this document. @ https://widget.sndcdn.com/widget-9-a34f7755ab5e.js:54
[   30761ms] [WARNING] Encrypted Media access has been blocked because of a Feature Policy applied to the current document. See https://crbug.com/414348233 for more details. @ https://widget.sndcdn.com/widget-9-a34f7755ab5e.js:54
[   30761ms] [ERROR] Permissions policy violation: encrypted-media is not allowed in this document. @ https://widget.sndcdn.com/widget-9-a34f7755ab5e.js:54
[   30761ms] [WARNING] Encrypted Media access has been blocked because of a Feature Policy applied to the current document. See https://crbug.com/414348233 for more details. @ https://widget.sndcdn.com/widget-9-a34f7755ab5e.js:54
[   30761ms] [ERROR] Permissions policy violation: encrypted-media is not allowed in this document. @ https://widget.sndcdn.com/widget-9-a34f7755ab5e.js:54
[   30761ms] [WARNING] Encrypted Media access has been blocked because of a Feature Policy applied to the current document. See https://crbug.com/414348233 for more details. @ https://widget.sndcdn.com/widget-9-a34f7755ab5e.js:54
[   30761ms] [LOG] SoundCloud Embed Player (api-web) @ https://widget.sndcdn.com/widget-9-a34f7755ab5e.js:54
[   30778ms] [ERROR] Permissions policy violation: encrypted-media is not allowed in this document. @ https://widget.sndcdn.com/widget-9-a34f7755ab5e.js:54
[   30778ms] [WARNING] Encrypted Media access has been blocked because of a Feature Policy applied to the current document. See https://crbug.com/414348233 for more details. @ https://widget.sndcdn.com/widget-9-a34f7755ab5e.js:54
[   30778ms] [ERROR] Permissions policy violation: encrypted-media is not allowed in this document. @ https://widget.sndcdn.com/widget-9-a34f7755ab5e.js:54
[   30778ms] [WARNING] Encrypted Media access has been blocked because of a Feature Policy applied to the current document. See https://crbug.com/414348233 for more details. @ https://widget.sndcdn.com/widget-9-a34f7755ab5e.js:54
[   30778ms] [ERROR] Permissions policy violation: encrypted-media is not allowed in this document. @ https://widget.sndcdn.com/widget-9-a34f7755ab5e.js:54
[   30778ms] [WARNING] Encrypted Media access has been blocked because of a Feature Policy applied to the current document. See https://crbug.com/414348233 for more details. @ https://widget.sndcdn.com/widget-9-a34f7755ab5e.js:54
[   30778ms] [LOG] SoundCloud Embed Player (api-web) @ https://widget.sndcdn.com/widget-9-a34f7755ab5e.js:54
[   30872ms] [ERROR] Permissions policy violation: encrypted-media is not allowed in this document. @ https://widget.sndcdn.com/widget-9-a34f7755ab5e.js:54
[   30872ms] [WARNING] Encrypted Media access has been blocked because of a Feature Policy applied to the current document. See https://crbug.com/414348233 for more details. @ https://widget.sndcdn.com/widget-9-a34f7755ab5e.js:54
[   30872ms] [ERROR] Permissions policy violation: encrypted-media is not allowed in this document. @ https://widget.sndcdn.com/widget-9-a34f7755ab5e.js:54
[   30872ms] [WARNING] Encrypted Media access has been blocked because of a Feature Policy applied to the current document. See https://crbug.com/414348233 for more details. @ https://widget.sndcdn.com/widget-9-a34f7755ab5e.js:54
[   30872ms] [ERROR] Permissions policy violation: encrypted-media is not allowed in this document. @ https://widget.sndcdn.com/widget-9-a34f7755ab5e.js:54
[   30873ms] [WARNING] Encrypted Media access has been blocked because of a Feature Policy applied to the current document. See https://crbug.com/414348233 for more details. @ https://widget.sndcdn.com/widget-9-a34f7755ab5e.js:54
[   30873ms] [LOG] SoundCloud Embed Player (api-web) @ https://widget.sndcdn.com/widget-9-a34f7755ab5e.js:54
[   30898ms] [ERROR] Permissions policy violation: encrypted-media is not allowed in this document. @ https://widget.sndcdn.com/widget-9-a34f7755ab5e.js:54
[   30898ms] [WARNING] Encrypted Media access has been blocked because of a Feature Policy applied to the current document. See https://crbug.com/414348233 for more details. @ https://widget.sndcdn.com/widget-9-a34f7755ab5e.js:54
[   30898ms] [ERROR] Permissions policy violation: encrypted-media is not allowed in this document. @ https://widget.sndcdn.com/widget-9-a34f7755ab5e.js:54
[   30898ms] [WARNING] Encrypted Media access has been blocked because of a Feature Policy applied to the current document. See https://crbug.com/414348233 for more details. @ https://widget.sndcdn.com/widget-9-a34f7755ab5e.js:54
[   30898ms] [ERROR] Permissions policy violation: encrypted-media is not allowed in this document. @ https://widget.sndcdn.com/widget-9-a34f7755ab5e.js:54
[   30898ms] [WARNING] Encrypted Media access has been blocked because of a Feature Policy applied to the current document. See https://crbug.com/414348233 for more details. @ https://widget.sndcdn.com/widget-9-a34f7755ab5e.js:54
[   30898ms] [LOG] SoundCloud Embed Player (api-web) @ https://widget.sndcdn.com/widget-9-a34f7755ab5e.js:54
[   30908ms] [ERROR] Permissions policy violation: encrypted-media is not allowed in this document. @ https://widget.sndcdn.com/widget-9-a34f7755ab5e.js:54
[   30908ms] [WARNING] Encrypted Media access has been blocked because of a Feature Policy applied to the current document. See https://crbug.com/414348233 for more details. @ https://widget.sndcdn.com/widget-9-a34f7755ab5e.js:54
[   30908ms] [ERROR] Permissions policy violation: encrypted-media is not allowed in this document. @ https://widget.sndcdn.com/widget-9-a34f7755ab5e.js:54
[   30908ms] [WARNING] Encrypted Media access has been blocked because of a Feature Policy applied to the current document. See https://crbug.com/414348233 for more details. @ https://widget.sndcdn.com/widget-9-a34f7755ab5e.js:54
[   30908ms] [ERROR] Permissions policy violation: encrypted-media is not allowed in this document. @ https://widget.sndcdn.com/widget-9-a34f7755ab5e.js:54
[   30908ms] [WARNING] Encrypted Media access has been blocked because of a Feature Policy applied to the current document. See https://crbug.com/414348233 for more details. @ https://widget.sndcdn.com/widget-9-a34f7755ab5e.js:54
[   30909ms] [LOG] SoundCloud Embed Player (api-web) @ https://widget.sndcdn.com/widget-9-a34f7755ab5e.js:54
[   30926ms] [ERROR] Permissions policy violation: encrypted-media is not allowed in this document. @ https://widget.sndcdn.com/widget-9-a34f7755ab5e.js:54
[   30926ms] [WARNING] Encrypted Media access has been blocked because of a Feature Policy applied to the current document. See https://crbug.com/414348233 for more details. @ https://widget.sndcdn.com/widget-9-a34f7755ab5e.js:54
[   30926ms] [ERROR] Permissions policy violation: encrypted-media is not allowed in this document. @ https://widget.sndcdn.com/widget-9-a34f7755ab5e.js:54
[   30926ms] [WARNING] Encrypted Media access has been blocked because of a Feature Policy applied to the current document. See https://crbug.com/414348233 for more details. @ https://widget.sndcdn.com/widget-9-a34f7755ab5e.js:54
[   30926ms] [ERROR] Permissions policy violation: encrypted-media is not allowed in this document. @ https://widget.sndcdn.com/widget-9-a34f7755ab5e.js:54
[   30926ms] [WARNING] Encrypted Media access has been blocked because of a Feature Policy applied to the current document. See https://crbug.com/414348233 for more details. @ https://widget.sndcdn.com/widget-9-a34f7755ab5e.js:54
[   30926ms] [LOG] SoundCloud Embed Player (api-web) @ https://widget.sndcdn.com/widget-9-a34f7755ab5e.js:54
[   30939ms] [ERROR] Permissions policy violation: encrypted-media is not allowed in this document. @ https://widget.sndcdn.com/widget-9-a34f7755ab5e.js:54
[   30939ms] [WARNING] Encrypted Media access has been blocked because of a Feature Policy applied to the current document. See https://crbug.com/414348233 for more details. @ https://widget.sndcdn.com/widget-9-a34f7755ab5e.js:54
[   30939ms] [ERROR] Permissions policy violation: encrypted-media is not allowed in this document. @ https://widget.sndcdn.com/widget-9-a34f7755ab5e.js:54
[   30939ms] [WARNING] Encrypted Media access has been blocked because of a Feature Policy applied to the current document. See https://crbug.com/414348233 for more details. @ https://widget.sndcdn.com/widget-9-a34f7755ab5e.js:54
[   30939ms] [ERROR] Permissions policy violation: encrypted-media is not allowed in this document. @ https://widget.sndcdn.com/widget-9-a34f7755ab5e.js:54
[   30939ms] [WARNING] Encrypted Media access has been blocked because of a Feature Policy applied to the current document. See https://crbug.com/414348233 for more details. @ https://widget.sndcdn.com/widget-9-a34f7755ab5e.js:54
[   30939ms] [LOG] SoundCloud Embed Player (api-web) @ https://widget.sndcdn.com/widget-9-a34f7755ab5e.js:54
[   31018ms] [ERROR] Permissions policy violation: encrypted-media is not allowed in this document. @ https://widget.sndcdn.com/widget-9-a34f7755ab5e.js:54
[   31018ms] [WARNING] Encrypted Media access has been blocked because of a Feature Policy applied to the current document. See https://crbug.com/414348233 for more details. @ https://widget.sndcdn.com/widget-9-a34f7755ab5e.js:54
[   31019ms] [ERROR] Permissions policy violation: encrypted-media is not allowed in this document. @ https://widget.sndcdn.com/widget-9-a34f7755ab5e.js:54
[   31019ms] [WARNING] Encrypted Media access has been blocked because of a Feature Policy applied to the current document. See https://crbug.com/414348233 for more details. @ https://widget.sndcdn.com/widget-9-a34f7755ab5e.js:54
[   31019ms] [ERROR] Permissions policy violation: encrypted-media is not allowed in this document. @ https://widget.sndcdn.com/widget-9-a34f7755ab5e.js:54
[   31019ms] [WARNING] Encrypted Media access has been blocked because of a Feature Policy applied to the current document. See https://crbug.com/414348233 for more details. @ https://widget.sndcdn.com/widget-9-a34f7755ab5e.js:54
[   31019ms] [LOG] SoundCloud Embed Player (api-web) @ https://widget.sndcdn.com/widget-9-a34f7755ab5e.js:54
[   31042ms] [ERROR] Permissions policy violation: encrypted-media is not allowed in this document. @ https://widget.sndcdn.com/widget-9-a34f7755ab5e.js:54
[   31042ms] [WARNING] Encrypted Media access has been blocked because of a Feature Policy applied to the current document. See https://crbug.com/414348233 for more details. @ https://widget.sndcdn.com/widget-9-a34f7755ab5e.js:54
[   31042ms] [ERROR] Permissions policy violation: encrypted-media is not allowed in this document. @ https://widget.sndcdn.com/widget-9-a34f7755ab5e.js:54
[   31042ms] [WARNING] Encrypted Media access has been blocked because of a Feature Policy applied to the current document. See https://crbug.com/414348233 for more details. @ https://widget.sndcdn.com/widget-9-a34f7755ab5e.js:54
[   31042ms] [ERROR] Permissions policy violation: encrypted-media is not allowed in this document. @ https://widget.sndcdn.com/widget-9-a34f7755ab5e.js:54
[   31042ms] [WARNING] Encrypted Media access has been blocked because of a Feature Policy applied to the current document. See https://crbug.com/414348233 for more details. @ https://widget.sndcdn.com/widget-9-a34f7755ab5e.js:54
[   31043ms] [LOG] SoundCloud Embed Player (api-web) @ https://widget.sndcdn.com/widget-9-a34f7755ab5e.js:54
[   31049ms] [ERROR] Permissions policy violation: encrypted-media is not allowed in this document. @ https://widget.sndcdn.com/widget-9-a34f7755ab5e.js:54
[   31049ms] [WARNING] Encrypted Media access has been blocked because of a Feature Policy applied to the current document. See https://crbug.com/414348233 for more details. @ https://widget.sndcdn.com/widget-9-a34f7755ab5e.js:54
[   31049ms] [ERROR] Permissions policy violation: encrypted-media is not allowed in this document. @ https://widget.sndcdn.com/widget-9-a34f7755ab5e.js:54
[   31049ms] [WARNING] Encrypted Media access has been blocked because of a Feature Policy applied to the current document. See https://crbug.com/414348233 for more details. @ https://widget.sndcdn.com/widget-9-a34f7755ab5e.js:54
[   31049ms] [ERROR] Permissions policy violation: encrypted-media is not allowed in this document. @ https://widget.sndcdn.com/widget-9-a34f7755ab5e.js:54
[   31049ms] [WARNING] Encrypted Media access has been blocked because of a Feature Policy applied to the current document. See https://crbug.com/414348233 for more details. @ https://widget.sndcdn.com/widget-9-a34f7755ab5e.js:54
[   31049ms] [LOG] SoundCloud Embed Player (api-web) @ https://widget.sndcdn.com/widget-9-a34f7755ab5e.js:54
[   31076ms] [ERROR] Permissions policy violation: encrypted-media is not allowed in this document. @ https://widget.sndcdn.com/widget-9-a34f7755ab5e.js:54
[   31076ms] [WARNING] Encrypted Media access has been blocked because of a Feature Policy applied to the current document. See https://crbug.com/414348233 for more details. @ https://widget.sndcdn.com/widget-9-a34f7755ab5e.js:54
[   31076ms] [ERROR] Permissions policy violation: encrypted-media is not allowed in this document. @ https://widget.sndcdn.com/widget-9-a34f7755ab5e.js:54
[   31076ms] [WARNING] Encrypted Media access has been blocked because of a Feature Policy applied to the current document. See https://crbug.com/414348233 for more details. @ https://widget.sndcdn.com/widget-9-a34f7755ab5e.js:54
[   31076ms] [ERROR] Permissions policy violation: encrypted-media is not allowed in this document. @ https://widget.sndcdn.com/widget-9-a34f7755ab5e.js:54
[   31076ms] [WARNING] Encrypted Media access has been blocked because of a Feature Policy applied to the current document. See https://crbug.com/414348233 for more details. @ https://widget.sndcdn.com/widget-9-a34f7755ab5e.js:54
[   31076ms] [LOG] SoundCloud Embed Player (api-web) @ https://widget.sndcdn.com/widget-9-a34f7755ab5e.js:54
[   31086ms] [ERROR] Permissions policy violation: encrypted-media is not allowed in this document. @ https://widget.sndcdn.com/widget-9-a34f7755ab5e.js:54
[   31086ms] [WARNING] Encrypted Media access has been blocked because of a Feature Policy applied to the current document. See https://crbug.com/414348233 for more details. @ https://widget.sndcdn.com/widget-9-a34f7755ab5e.js:54
[   31086ms] [ERROR] Permissions policy violation: encrypted-media is not allowed in this document. @ https://widget.sndcdn.com/widget-9-a34f7755ab5e.js:54
[   31086ms] [WARNING] Encrypted Media access has been blocked because of a Feature Policy applied to the current document. See https://crbug.com/414348233 for more details. @ https://widget.sndcdn.com/widget-9-a34f7755ab5e.js:54
[   31086ms] [ERROR] Permissions policy violation: encrypted-media is not allowed in this document. @ https://widget.sndcdn.com/widget-9-a34f7755ab5e.js:54
[   31086ms] [WARNING] Encrypted Media access has been blocked because of a Feature Policy applied to the current document. See https://crbug.com/414348233 for more details. @ https://widget.sndcdn.com/widget-9-a34f7755ab5e.js:54
[   31086ms] [LOG] SoundCloud Embed Player (api-web) @ https://widget.sndcdn.com/widget-9-a34f7755ab5e.js:54
[   31140ms] [ERROR] Permissions policy violation: encrypted-media is not allowed in this document. @ https://widget.sndcdn.com/widget-9-a34f7755ab5e.js:54
[   31140ms] [WARNING] Encrypted Media access has been blocked because of a Feature Policy applied to the current document. See https://crbug.com/414348233 for more details. @ https://widget.sndcdn.com/widget-9-a34f7755ab5e.js:54
[   31140ms] [ERROR] Permissions policy violation: encrypted-media is not allowed in this document. @ https://widget.sndcdn.com/widget-9-a34f7755ab5e.js:54
[   31140ms] [WARNING] Encrypted Media access has been blocked because of a Feature Policy applied to the current document. See https://crbug.com/414348233 for more details. @ https://widget.sndcdn.com/widget-9-a34f7755ab5e.js:54
[   31140ms] [ERROR] Permissions policy violation: encrypted-media is not allowed in this document. @ https://widget.sndcdn.com/widget-9-a34f7755ab5e.js:54
[   31140ms] [WARNING] Encrypted Media access has been blocked because of a Feature Policy applied to the current document. See https://crbug.com/414348233 for more details. @ https://widget.sndcdn.com/widget-9-a34f7755ab5e.js:54
[   31140ms] [LOG] SoundCloud Embed Player (api-web) @ https://widget.sndcdn.com/widget-9-a34f7755ab5e.js:54
[   31182ms] [ERROR] Permissions policy violation: encrypted-media is not allowed in this document. @ https://widget.sndcdn.com/widget-9-a34f7755ab5e.js:54
[   31182ms] [WARNING] Encrypted Media access has been blocked because of a Feature Policy applied to the current document. See https://crbug.com/414348233 for more details. @ https://widget.sndcdn.com/widget-9-a34f7755ab5e.js:54
[   31182ms] [ERROR] Permissions policy violation: encrypted-media is not allowed in this document. @ https://widget.sndcdn.com/widget-9-a34f7755ab5e.js:54
[   31182ms] [WARNING] Encrypted Media access has been blocked because of a Feature Policy applied to the current document. See https://crbug.com/414348233 for more details. @ https://widget.sndcdn.com/widget-9-a34f7755ab5e.js:54
[   31182ms] [ERROR] Permissions policy violation: encrypted-media is not allowed in this document. @ https://widget.sndcdn.com/widget-9-a34f7755ab5e.js:54
[   31182ms] [WARNING] Encrypted Media access has been blocked because of a Feature Policy applied to the current document. See https://crbug.com/414348233 for more details. @ https://widget.sndcdn.com/widget-9-a34f7755ab5e.js:54
[   31182ms] [LOG] SoundCloud Embed Player (api-web) @ https://widget.sndcdn.com/widget-9-a34f7755ab5e.js:54
[   31202ms] [ERROR] Permissions policy violation: encrypted-media is not allowed in this document. @ https://widget.sndcdn.com/widget-9-a34f7755ab5e.js:54
[   31202ms] [WARNING] Encrypted Media access has been blocked because of a Feature Policy applied to the current document. See https://crbug.com/414348233 for more details. @ https://widget.sndcdn.com/widget-9-a34f7755ab5e.js:54
[   31202ms] [ERROR] Permissions policy violation: encrypted-media is not allowed in this document. @ https://widget.sndcdn.com/widget-9-a34f7755ab5e.js:54
[   31202ms] [WARNING] Encrypted Media access has been blocked because of a Feature Policy applied to the current document. See https://crbug.com/414348233 for more details. @ https://widget.sndcdn.com/widget-9-a34f7755ab5e.js:54
[   31202ms] [ERROR] Permissions policy violation: encrypted-media is not allowed in this document. @ https://widget.sndcdn.com/widget-9-a34f7755ab5e.js:54
[   31202ms] [WARNING] Encrypted Media access has been blocked because of a Feature Policy applied to the current document. See https://crbug.com/414348233 for more details. @ https://widget.sndcdn.com/widget-9-a34f7755ab5e.js:54
[   31202ms] [LOG] SoundCloud Embed Player (api-web) @ https://widget.sndcdn.com/widget-9-a34f7755ab5e.js:54
[   31211ms] [ERROR] Permissions policy violation: encrypted-media is not allowed in this document. @ https://widget.sndcdn.com/widget-9-a34f7755ab5e.js:54
[   31211ms] [WARNING] Encrypted Media access has been blocked because of a Feature Policy applied to the current document. See https://crbug.com/414348233 for more details. @ https://widget.sndcdn.com/widget-9-a34f7755ab5e.js:54
[   31211ms] [ERROR] Permissions policy violation: encrypted-media is not allowed in this document. @ https://widget.sndcdn.com/widget-9-a34f7755ab5e.js:54
[   31211ms] [WARNING] Encrypted Media access has been blocked because of a Feature Policy applied to the current document. See https://crbug.com/414348233 for more details. @ https://widget.sndcdn.com/widget-9-a34f7755ab5e.js:54
[   31211ms] [ERROR] Permissions policy violation: encrypted-media is not allowed in this document. @ https://widget.sndcdn.com/widget-9-a34f7755ab5e.js:54
[   31211ms] [WARNING] Encrypted Media access has been blocked because of a Feature Policy applied to the current document. See https://crbug.com/414348233 for more details. @ https://widget.sndcdn.com/widget-9-a34f7755ab5e.js:54
[   31211ms] [LOG] SoundCloud Embed Player (api-web) @ https://widget.sndcdn.com/widget-9-a34f7755ab5e.js:54
[   31388ms] [ERROR] Permissions policy violation: encrypted-media is not allowed in this document. @ https://widget.sndcdn.com/widget-9-a34f7755ab5e.js:54
[   31388ms] [WARNING] Encrypted Media access has been blocked because of a Feature Policy applied to the current document. See https://crbug.com/414348233 for more details. @ https://widget.sndcdn.com/widget-9-a34f7755ab5e.js:54
[   31388ms] [ERROR] Permissions policy violation: encrypted-media is not allowed in this document. @ https://widget.sndcdn.com/widget-9-a34f7755ab5e.js:54
[   31388ms] [WARNING] Encrypted Media access has been blocked because of a Feature Policy applied to the current document. See https://crbug.com/414348233 for more details. @ https://widget.sndcdn.com/widget-9-a34f7755ab5e.js:54
[   31388ms] [ERROR] Permissions policy violation: encrypted-media is not allowed in this document. @ https://widget.sndcdn.com/widget-9-a34f7755ab5e.js:54
[   31388ms] [WARNING] Encrypted Media access has been blocked because of a Feature Policy applied to the current document. See https://crbug.com/414348233 for more details. @ https://widget.sndcdn.com/widget-9-a34f7755ab5e.js:54
[   31388ms] [LOG] SoundCloud Embed Player (api-web) @ https://widget.sndcdn.com/widget-9-a34f7755ab5e.js:54
[   33334ms] [WARNING] The resource https://player-widget.mixcloud.com/assets/mix-RbQjuyZ0-dm-sans-latin-wght-normal.woff2 was preloaded using link preload but not used within a few seconds from the window's load event. Please make sure it has an appropriate `as` value and it is preloaded intentionally. @ https://player-widget.mixcloud.com/widget/iframe?feed=%2Fdj-nerva%2Fdrum-bass-selects%2F:0
[   33334ms] [WARNING] The resource https://player-widget.mixcloud.com/assets/mix-BQjZ2nPP-open-sans-latin-wght-normal.woff2 was preloaded using link preload but not used within a few seconds from the window's load event. Please make sure it has an appropriate `as` value and it is preloaded intentionally. @ https://player-widget.mixcloud.com/widget/iframe?feed=%2Fdj-nerva%2Fdrum-bass-selects%2F:0
[   33416ms] [WARNING] The resource https://player-widget.mixcloud.com/assets/mix-RbQjuyZ0-dm-sans-latin-wght-normal.woff2 was preloaded using link preload but not used within a few seconds from the window's load event. Please make sure it has an appropriate `as` value and it is preloaded intentionally. @ https://player-widget.mixcloud.com/widget/iframe?feed=%2Fdj-nerva%2Fpride-dance-stage-practice-mix-2024%2F:0
[   33416ms] [WARNING] The resource https://player-widget.mixcloud.com/assets/mix-BQjZ2nPP-open-sans-latin-wght-normal.woff2 was preloaded using link preload but not used within a few seconds from the window's load event. Please make sure it has an appropriate `as` value and it is preloaded intentionally. @ https://player-widget.mixcloud.com/widget/iframe?feed=%2Fdj-nerva%2Fpride-dance-stage-practice-mix-2024%2F:0
[   33452ms] [WARNING] The resource https://player-widget.mixcloud.com/assets/mix-RbQjuyZ0-dm-sans-latin-wght-normal.woff2 was preloaded using link preload but not used within a few seconds from the window's load event. Please make sure it has an appropriate `as` value and it is preloaded intentionally. @ https://player-widget.mixcloud.com/widget/iframe?feed=%2Fdj-nerva%2Foff-the-rails-practice-mix%2F:0
[   33452ms] [WARNING] The resource https://player-widget.mixcloud.com/assets/mix-BQjZ2nPP-open-sans-latin-wght-normal.woff2 was preloaded using link preload but not used within a few seconds from the window's load event. Please make sure it has an appropriate `as` value and it is preloaded intentionally. @ https://player-widget.mixcloud.com/widget/iframe?feed=%2Fdj-nerva%2Foff-the-rails-practice-mix%2F:0
[   33549ms] [WARNING] The resource https://player-widget.mixcloud.com/assets/mix-RbQjuyZ0-dm-sans-latin-wght-normal.woff2 was preloaded using link preload but not used within a few seconds from the window's load event. Please make sure it has an appropriate `as` value and it is preloaded intentionally. @ https://player-widget.mixcloud.com/widget/iframe?feed=%2Fdj-nerva%2Ftechno-selects-1%2F:0
[   33550ms] [WARNING] The resource https://player-widget.mixcloud.com/assets/mix-BQjZ2nPP-open-sans-latin-wght-normal.woff2 was preloaded using link preload but not used within a few seconds from the window's load event. Please make sure it has an appropriate `as` value and it is preloaded intentionally. @ https://player-widget.mixcloud.com/widget/iframe?feed=%2Fdj-nerva%2Ftechno-selects-1%2F:0
[   33564ms] [WARNING] The resource https://player-widget.mixcloud.com/assets/mix-RbQjuyZ0-dm-sans-latin-wght-normal.woff2 was preloaded using link preload but not used within a few seconds from the window's load event. Please make sure it has an appropriate `as` value and it is preloaded intentionally. @ https://player-widget.mixcloud.com/widget/iframe?feed=%2Fdj-nerva%2Fclub-selects%2F:0
[   33564ms] [WARNING] The resource https://player-widget.mixcloud.com/assets/mix-BQjZ2nPP-open-sans-latin-wght-normal.woff2 was preloaded using link preload but not used within a few seconds from the window's load event. Please make sure it has an appropriate `as` value and it is preloaded intentionally. @ https://player-widget.mixcloud.com/widget/iframe?feed=%2Fdj-nerva%2Fclub-selects%2F:0
[   33564ms] [WARNING] The resource https://player-widget.mixcloud.com/assets/mix-RbQjuyZ0-dm-sans-latin-wght-normal.woff2 was preloaded using link preload but not used within a few seconds from the window's load event. Please make sure it has an appropriate `as` value and it is preloaded intentionally. @ https://player-widget.mixcloud.com/widget/iframe?feed=%2Fdj-nerva%2Fimpervious-anecdotal-visual-artists-adam-stab-paul-taylor-zo-gallery-w-dj-set-by-nerva%2F:0
[   33564ms] [WARNING] The resource https://player-widget.mixcloud.com/assets/mix-BQjZ2nPP-open-sans-latin-wght-normal.woff2 was preloaded using link preload but not used within a few seconds from the window's load event. Please make sure it has an appropriate `as` value and it is preloaded intentionally. @ https://player-widget.mixcloud.com/widget/iframe?feed=%2Fdj-nerva%2Fimpervious-anecdotal-visual-artists-adam-stab-paul-taylor-zo-gallery-w-dj-set-by-nerva%2F:0
[   33568ms] [WARNING] The resource https://player-widget.mixcloud.com/assets/mix-RbQjuyZ0-dm-sans-latin-wght-normal.woff2 was preloaded using link preload but not used within a few seconds from the window's load event. Please make sure it has an appropriate `as` value and it is preloaded intentionally. @ https://player-widget.mixcloud.com/widget/iframe?feed=%2Fdj-nerva%2Fdj-es-nerva-at-royal-blue-3-star-wars-edition%2F:0
[   33568ms] [WARNING] The resource https://player-widget.mixcloud.com/assets/mix-BQjZ2nPP-open-sans-latin-wght-normal.woff2 was preloaded using link preload but not used within a few seconds from the window's load event. Please make sure it has an appropriate `as` value and it is preloaded intentionally. @ https://player-widget.mixcloud.com/widget/iframe?feed=%2Fdj-nerva%2Fdj-es-nerva-at-royal-blue-3-star-wars-edition%2F:0
[   33680ms] [WARNING] The resource https://player-widget.mixcloud.com/assets/mix-RbQjuyZ0-dm-sans-latin-wght-normal.woff2 was preloaded using link preload but not used within a few seconds from the window's load event. Please make sure it has an appropriate `as` value and it is preloaded intentionally. @ https://player-widget.mixcloud.com/widget/iframe?feed=%2Fdj-nerva%2Fspirit-world-round-2-b2b-w-oldboyslug%2F:0
[   33680ms] [WARNING] The resource https://player-widget.mixcloud.com/assets/mix-BQjZ2nPP-open-sans-latin-wght-normal.woff2 was preloaded using link preload but not used within a few seconds from the window's load event. Please make sure it has an appropriate `as` value and it is preloaded intentionally. @ https://player-widget.mixcloud.com/widget/iframe?feed=%2Fdj-nerva%2Fspirit-world-round-2-b2b-w-oldboyslug%2F:0
[   33694ms] [WARNING] The resource https://player-widget.mixcloud.com/assets/mix-RbQjuyZ0-dm-sans-latin-wght-normal.woff2 was preloaded using link preload but not used within a few seconds from the window's load event. Please make sure it has an appropriate `as` value and it is preloaded intentionally. @ https://player-widget.mixcloud.com/widget/iframe?feed=%2Fdj-nerva%2Fjungle-dnb%2F:0
[   33694ms] [WARNING] The resource https://player-widget.mixcloud.com/assets/mix-BQjZ2nPP-open-sans-latin-wght-normal.woff2 was preloaded using link preload but not used within a few seconds from the window's load event. Please make sure it has an appropriate `as` value and it is preloaded intentionally. @ https://player-widget.mixcloud.com/widget/iframe?feed=%2Fdj-nerva%2Fjungle-dnb%2F:0
[   64205ms] [WARNING] Unrecognized feature: 'speaker-selection'. @ http://127.0.0.1:5500/?speedtest=desktop-1-1787329769877:236
[   64213ms] [LOG] Hero image set: {desktopUrl: splash-images/12/bm_nerva_Night_forest_rave_with_b…oo_298e6eae-2312-4825-bcac-7a67094cbf8f_0.png?v=1, mobileUrl: splash-images/12/bm_nerva_Night_forest_rave_with_b…oo_df8dc3bd-9b0d-4f39-93c8-e3f761f2f4eb_0.png?v=1} @ http://127.0.0.1:5500/main.js:93
[   64213ms] [LOG] Theme colors set: {primaryColor: #e77646, secondaryColor: #1c2c5c, accentColor: #f38eee} @ http://127.0.0.1:5500/main.js:101
[   64230ms] [LOG] SoundCloud iframe colors updated: #e77646 @ http://127.0.0.1:5500/main.js:122
[   65587ms] [ERROR] Permissions policy violation: encrypted-media is not allowed in this document. @ https://player-widget.mixcloud.com/assets/index-DFbmkmY8.js:34
[   65587ms] [WARNING] Encrypted Media access has been blocked because of a Feature Policy applied to the current document. See https://crbug.com/414348233 for more details. @ https://player-widget.mixcloud.com/assets/index-DFbmkmY8.js:34
[   65587ms] [ERROR] Permissions policy violation: encrypted-media is not allowed in this document. @ https://player-widget.mixcloud.com/assets/index-DFbmkmY8.js:34
[   65587ms] [WARNING] Encrypted Media access has been blocked because of a Feature Policy applied to the current document. See https://crbug.com/414348233 for more details. @ https://player-widget.mixcloud.com/assets/index-DFbmkmY8.js:34
[   65587ms] [ERROR] Permissions policy violation: encrypted-media is not allowed in this document. @ https://player-widget.mixcloud.com/assets/index-DFbmkmY8.js:34
[   65587ms] [WARNING] Encrypted Media access has been blocked because of a Feature Policy applied to the current document. See https://crbug.com/414348233 for more details. @ https://player-widget.mixcloud.com/assets/index-DFbmkmY8.js:34
[   65590ms] [ERROR] Permissions policy violation: encrypted-media is not allowed in this document. @ https://player-widget.mixcloud.com/assets/index-DFbmkmY8.js:34
[   65591ms] [WARNING] Encrypted Media access has been blocked because of a Feature Policy applied to the current document. See https://crbug.com/414348233 for more details. @ https://player-widget.mixcloud.com/assets/index-DFbmkmY8.js:34
[   65591ms] [ERROR] Permissions policy violation: encrypted-media is not allowed in this document. @ https://player-widget.mixcloud.com/assets/index-DFbmkmY8.js:34
[   65591ms] [WARNING] Encrypted Media access has been blocked because of a Feature Policy applied to the current document. See https://crbug.com/414348233 for more details. @ https://player-widget.mixcloud.com/assets/index-DFbmkmY8.js:34
[   65591ms] [ERROR] Permissions policy violation: encrypted-media is not allowed in this document. @ https://player-widget.mixcloud.com/assets/index-DFbmkmY8.js:34
[   65591ms] [WARNING] Encrypted Media access has been blocked because of a Feature Policy applied to the current document. See https://crbug.com/414348233 for more details. @ https://player-widget.mixcloud.com/assets/index-DFbmkmY8.js:34
[   65595ms] [ERROR] Permissions policy violation: encrypted-media is not allowed in this document. @ https://player-widget.mixcloud.com/assets/index-DFbmkmY8.js:34
[   65595ms] [WARNING] Encrypted Media access has been blocked because of a Feature Policy applied to the current document. See https://crbug.com/414348233 for more details. @ https://player-widget.mixcloud.com/assets/index-DFbmkmY8.js:34
[   65595ms] [ERROR] Permissions policy violation: encrypted-media is not allowed in this document. @ https://player-widget.mixcloud.com/assets/index-DFbmkmY8.js:34
[   65595ms] [WARNING] Encrypted Media access has been blocked because of a Feature Policy applied to the current document. See https://crbug.com/414348233 for more details. @ https://player-widget.mixcloud.com/assets/index-DFbmkmY8.js:34
[   65595ms] [ERROR] Permissions policy violation: encrypted-media is not allowed in this document. @ https://player-widget.mixcloud.com/assets/index-DFbmkmY8.js:34
[   65595ms] [WARNING] Encrypted Media access has been blocked because of a Feature Policy applied to the current document. See https://crbug.com/414348233 for more details. @ https://player-widget.mixcloud.com/assets/index-DFbmkmY8.js:34
[   65599ms] [ERROR] Permissions policy violation: encrypted-media is not allowed in this document. @ https://player-widget.mixcloud.com/assets/index-DFbmkmY8.js:34
[   65599ms] [WARNING] Encrypted Media access has been blocked because of a Feature Policy applied to the current document. See https://crbug.com/414348233 for more details. @ https://player-widget.mixcloud.com/assets/index-DFbmkmY8.js:34
[   65599ms] [ERROR] Permissions policy violation: encrypted-media is not allowed in this document. @ https://player-widget.mixcloud.com/assets/index-DFbmkmY8.js:34
[   65599ms] [WARNING] Encrypted Media access has been blocked because of a Feature Policy applied to the current document. See https://crbug.com/414348233 for more details. @ https://player-widget.mixcloud.com/assets/index-DFbmkmY8.js:34
[   65599ms] [ERROR] Permissions policy violation: encrypted-media is not allowed in this document. @ https://player-widget.mixcloud.com/assets/index-DFbmkmY8.js:34
[   65599ms] [WARNING] Encrypted Media access has been blocked because of a Feature Policy applied to the current document. See https://crbug.com/414348233 for more details. @ https://player-widget.mixcloud.com/assets/index-DFbmkmY8.js:34
[   65654ms] [WARNING] Unrecognized feature: 'speaker-selection'. @ http://127.0.0.1:5500/?speedtest=desktop-2-1787329771324:236
[   65658ms] [LOG] Hero image set: {desktopUrl: splash-images/2/bm_nerva_A_DJ_floating_in_deep_spa…ca_001eaf11-38fa-4b6d-a42e-ef2df0db2d1b_0.png?v=1, mobileUrl: splash-images/2/bm_nerva_A_DJ_floating_in_deep_spa…ca_a2b55b26-4d06-4290-8c6d-d78d5cbd6b88_3.png?v=1} @ http://127.0.0.1:5500/main.js:93
[   65658ms] [LOG] Theme colors set: {primaryColor: #519bad, secondaryColor: #2c545e, accentColor: #b4d8dc} @ http://127.0.0.1:5500/main.js:101
[   65676ms] [LOG] SoundCloud iframe colors updated: #519bad @ http://127.0.0.1:5500/main.js:122
[   67060ms] [ERROR] Permissions policy violation: encrypted-media is not allowed in this document. @ https://player-widget.mixcloud.com/assets/index-DFbmkmY8.js:34
[   67060ms] [WARNING] Encrypted Media access has been blocked because of a Feature Policy applied to the current document. See https://crbug.com/414348233 for more details. @ https://player-widget.mixcloud.com/assets/index-DFbmkmY8.js:34
[   67060ms] [ERROR] Permissions policy violation: encrypted-media is not allowed in this document. @ https://player-widget.mixcloud.com/assets/index-DFbmkmY8.js:34
[   67060ms] [WARNING] Encrypted Media access has been blocked because of a Feature Policy applied to the current document. See https://crbug.com/414348233 for more details. @ https://player-widget.mixcloud.com/assets/index-DFbmkmY8.js:34
[   67061ms] [ERROR] Permissions policy violation: encrypted-media is not allowed in this document. @ https://player-widget.mixcloud.com/assets/index-DFbmkmY8.js:34
[   67061ms] [WARNING] Encrypted Media access has been blocked because of a Feature Policy applied to the current document. See https://crbug.com/414348233 for more details. @ https://player-widget.mixcloud.com/assets/index-DFbmkmY8.js:34
[   67064ms] [ERROR] Permissions policy violation: encrypted-media is not allowed in this document. @ https://player-widget.mixcloud.com/assets/index-DFbmkmY8.js:34
[   67064ms] [WARNING] Encrypted Media access has been blocked because of a Feature Policy applied to the current document. See https://crbug.com/414348233 for more details. @ https://player-widget.mixcloud.com/assets/index-DFbmkmY8.js:34
[   67064ms] [ERROR] Permissions policy violation: encrypted-media is not allowed in this document. @ https://player-widget.mixcloud.com/assets/index-DFbmkmY8.js:34
[   67064ms] [WARNING] Encrypted Media access has been blocked because of a Feature Policy applied to the current document. See https://crbug.com/414348233 for more details. @ https://player-widget.mixcloud.com/assets/index-DFbmkmY8.js:34
[   67064ms] [ERROR] Permissions policy violation: encrypted-media is not allowed in this document. @ https://player-widget.mixcloud.com/assets/index-DFbmkmY8.js:34
[   67064ms] [WARNING] Encrypted Media access has been blocked because of a Feature Policy applied to the current document. See https://crbug.com/414348233 for more details. @ https://player-widget.mixcloud.com/assets/index-DFbmkmY8.js:34
[   67068ms] [ERROR] Permissions policy violation: encrypted-media is not allowed in this document. @ https://player-widget.mixcloud.com/assets/index-DFbmkmY8.js:34
[   67068ms] [WARNING] Encrypted Media access has been blocked because of a Feature Policy applied to the current document. See https://crbug.com/414348233 for more details. @ https://player-widget.mixcloud.com/assets/index-DFbmkmY8.js:34
[   67068ms] [ERROR] Permissions policy violation: encrypted-media is not allowed in this document. @ https://player-widget.mixcloud.com/assets/index-DFbmkmY8.js:34
[   67068ms] [WARNING] Encrypted Media access has been blocked because of a Feature Policy applied to the current document. See https://crbug.com/414348233 for more details. @ https://player-widget.mixcloud.com/assets/index-DFbmkmY8.js:34
[   67068ms] [ERROR] Permissions policy violation: encrypted-media is not allowed in this document. @ https://player-widget.mixcloud.com/assets/index-DFbmkmY8.js:34
[   67068ms] [WARNING] Encrypted Media access has been blocked because of a Feature Policy applied to the current document. See https://crbug.com/414348233 for more details. @ https://player-widget.mixcloud.com/assets/index-DFbmkmY8.js:34
[   67071ms] [ERROR] Permissions policy violation: encrypted-media is not allowed in this document. @ https://player-widget.mixcloud.com/assets/index-DFbmkmY8.js:34
[   67071ms] [WARNING] Encrypted Media access has been blocked because of a Feature Policy applied to the current document. See https://crbug.com/414348233 for more details. @ https://player-widget.mixcloud.com/assets/index-DFbmkmY8.js:34
[   67071ms] [ERROR] Permissions policy violation: encrypted-media is not allowed in this document. @ https://player-widget.mixcloud.com/assets/index-DFbmkmY8.js:34
[   67071ms] [WARNING] Encrypted Media access has been blocked because of a Feature Policy applied to the current document. See https://crbug.com/414348233 for more details. @ https://player-widget.mixcloud.com/assets/index-DFbmkmY8.js:34
[   67071ms] [ERROR] Permissions policy violation: encrypted-media is not allowed in this document. @ https://player-widget.mixcloud.com/assets/index-DFbmkmY8.js:34
[   67071ms] [WARNING] Encrypted Media access has been blocked because of a Feature Policy applied to the current document. See https://crbug.com/414348233 for more details. @ https://player-widget.mixcloud.com/assets/index-DFbmkmY8.js:34
[   67075ms] [ERROR] Permissions policy violation: encrypted-media is not allowed in this document. @ https://player-widget.mixcloud.com/assets/index-DFbmkmY8.js:34
[   67075ms] [WARNING] Encrypted Media access has been blocked because of a Feature Policy applied to the current document. See https://crbug.com/414348233 for more details. @ https://player-widget.mixcloud.com/assets/index-DFbmkmY8.js:34
[   67075ms] [ERROR] Permissions policy violation: encrypted-media is not allowed in this document. @ https://player-widget.mixcloud.com/assets/index-DFbmkmY8.js:34
[   67075ms] [WARNING] Encrypted Media access has been blocked because of a Feature Policy applied to the current document. See https://crbug.com/414348233 for more details. @ https://player-widget.mixcloud.com/assets/index-DFbmkmY8.js:34
[   67075ms] [ERROR] Permissions policy violation: encrypted-media is not allowed in this document. @ https://player-widget.mixcloud.com/assets/index-DFbmkmY8.js:34
[   67075ms] [WARNING] Encrypted Media access has been blocked because of a Feature Policy applied to the current document. See https://crbug.com/414348233 for more details. @ https://player-widget.mixcloud.com/assets/index-DFbmkmY8.js:34
[   67079ms] [ERROR] Permissions policy violation: encrypted-media is not allowed in this document. @ https://player-widget.mixcloud.com/assets/index-DFbmkmY8.js:34
[   67079ms] [WARNING] Encrypted Media access has been blocked because of a Feature Policy applied to the current document. See https://crbug.com/414348233 for more details. @ https://player-widget.mixcloud.com/assets/index-DFbmkmY8.js:34
[   67079ms] [ERROR] Permissions policy violation: encrypted-media is not allowed in this document. @ https://player-widget.mixcloud.com/assets/index-DFbmkmY8.js:34
[   67079ms] [WARNING] Encrypted Media access has been blocked because of a Feature Policy applied to the current document. See https://crbug.com/414348233 for more details. @ https://player-widget.mixcloud.com/assets/index-DFbmkmY8.js:34
[   67079ms] [ERROR] Permissions policy violation: encrypted-media is not allowed in this document. @ https://player-widget.mixcloud.com/assets/index-DFbmkmY8.js:34
[   67079ms] [WARNING] Encrypted Media access has been blocked because of a Feature Policy applied to the current document. See https://crbug.com/414348233 for more details. @ https://player-widget.mixcloud.com/assets/index-DFbmkmY8.js:34
[   67085ms] [ERROR] Permissions policy violation: encrypted-media is not allowed in this document. @ https://player-widget.mixcloud.com/assets/index-DFbmkmY8.js:34
[   67085ms] [WARNING] Encrypted Media access has been blocked because of a Feature Policy applied to the current document. See https://crbug.com/414348233 for more details. @ https://player-widget.mixcloud.com/assets/index-DFbmkmY8.js:34
[   67085ms] [ERROR] Permissions policy violation: encrypted-media is not allowed in this document. @ https://player-widget.mixcloud.com/assets/index-DFbmkmY8.js:34
[   67085ms] [WARNING] Encrypted Media access has been blocked because of a Feature Policy applied to the current document. See https://crbug.com/414348233 for more details. @ https://player-widget.mixcloud.com/assets/index-DFbmkmY8.js:34
[   67085ms] [ERROR] Permissions policy violation: encrypted-media is not allowed in this document. @ https://player-widget.mixcloud.com/assets/index-DFbmkmY8.js:34
[   67085ms] [WARNING] Encrypted Media access has been blocked because of a Feature Policy applied to the current document. See https://crbug.com/414348233 for more details. @ https://player-widget.mixcloud.com/assets/index-DFbmkmY8.js:34
[   67089ms] [ERROR] Failed to load resource: the server responded with a status of 404 () @ https://player-widget.mixcloud.com/mix-D-rK8BlV-MixcloudWordmarkLogo.svg#use-href-target:0
[   67093ms] [ERROR] Permissions policy violation: encrypted-media is not allowed in this document. @ https://player-widget.mixcloud.com/assets/index-DFbmkmY8.js:34
[   67093ms] [WARNING] Encrypted Media access has been blocked because of a Feature Policy applied to the current document. See https://crbug.com/414348233 for more details. @ https://player-widget.mixcloud.com/assets/index-DFbmkmY8.js:34
[   67093ms] [ERROR] Permissions policy violation: encrypted-media is not allowed in this document. @ https://player-widget.mixcloud.com/assets/index-DFbmkmY8.js:34
[   67093ms] [WARNING] Encrypted Media access has been blocked because of a Feature Policy applied to the current document. See https://crbug.com/414348233 for more details. @ https://player-widget.mixcloud.com/assets/index-DFbmkmY8.js:34
[   67093ms] [ERROR] Permissions policy violation: encrypted-media is not allowed in this document. @ https://player-widget.mixcloud.com/assets/index-DFbmkmY8.js:34
[   67093ms] [WARNING] Encrypted Media access has been blocked because of a Feature Policy applied to the current document. See https://crbug.com/414348233 for more details. @ https://player-widget.mixcloud.com/assets/index-DFbmkmY8.js:34
[   67097ms] [ERROR] Permissions policy violation: encrypted-media is not allowed in this document. @ https://player-widget.mixcloud.com/assets/index-DFbmkmY8.js:34
[   67097ms] [WARNING] Encrypted Media access has been blocked because of a Feature Policy applied to the current document. See https://crbug.com/414348233 for more details. @ https://player-widget.mixcloud.com/assets/index-DFbmkmY8.js:34
[   67097ms] [ERROR] Permissions policy violation: encrypted-media is not allowed in this document. @ https://player-widget.mixcloud.com/assets/index-DFbmkmY8.js:34
[   67097ms] [WARNING] Encrypted Media access has been blocked because of a Feature Policy applied to the current document. See https://crbug.com/414348233 for more details. @ https://player-widget.mixcloud.com/assets/index-DFbmkmY8.js:34
[   67097ms] [ERROR] Permissions policy violation: encrypted-media is not allowed in this document. @ https://player-widget.mixcloud.com/assets/index-DFbmkmY8.js:34
[   67097ms] [WARNING] Encrypted Media access has been blocked because of a Feature Policy applied to the current document. See https://crbug.com/414348233 for more details. @ https://player-widget.mixcloud.com/assets/index-DFbmkmY8.js:34
[   67133ms] [ERROR] Failed to load resource: the server responded with a status of 404 () @ https://player-widget.mixcloud.com/mix-D-rK8BlV-MixcloudWordmarkLogo.svg#use-href-target:0
[   67163ms] [WARNING] Unrecognized feature: 'speaker-selection'. @ http://127.0.0.1:5500/?speedtest=desktop-3-1787329772815:236
[   67168ms] [LOG] Hero image set: {desktopUrl: splash-images/11/bm_nerva_Minimalist_digital_grid_…rm_3584d2ba-f4dc-4454-921f-6508ee9cfc6b_1.png?v=1, mobileUrl: splash-images/11/bm_nerva_Minimalist_digital_grid_…rm_111abe17-01c3-41fd-8272-bd6acfa51e51_2.png?v=1} @ http://127.0.0.1:5500/main.js:93
[   67168ms] [LOG] Theme colors set: {primaryColor: #dc4c24, secondaryColor: #6d1c0e, accentColor: #f48a55} @ http://127.0.0.1:5500/main.js:101
[   67179ms] [LOG] SoundCloud iframe colors updated: #dc4c24 @ http://127.0.0.1:5500/main.js:122
[   67060ms] [ERROR] Permissions policy violation: encrypted-media is not allowed in this document. @ https://player-widget.mixcloud.com/assets/index-DFbmkmY8.js:34
[   67060ms] [WARNING] Encrypted Media access has been blocked because of a Feature Policy applied to the current document. See https://crbug.com/414348233 for more details. @ https://player-widget.mixcloud.com/assets/index-DFbmkmY8.js:34
[   67060ms] [ERROR] Permissions policy violation: encrypted-media is not allowed in this document. @ https://player-widget.mixcloud.com/assets/index-DFbmkmY8.js:34
[   67060ms] [WARNING] Encrypted Media access has been blocked because of a Feature Policy applied to the current document. See https://crbug.com/414348233 for more details. @ https://player-widget.mixcloud.com/assets/index-DFbmkmY8.js:34
[   67061ms] [ERROR] Permissions policy violation: encrypted-media is not allowed in this document. @ https://player-widget.mixcloud.com/assets/index-DFbmkmY8.js:34
[   67061ms] [WARNING] Encrypted Media access has been blocked because of a Feature Policy applied to the current document. See https://crbug.com/414348233 for more details. @ https://player-widget.mixcloud.com/assets/index-DFbmkmY8.js:34
[   67064ms] [ERROR] Permissions policy violation: encrypted-media is not allowed in this document. @ https://player-widget.mixcloud.com/assets/index-DFbmkmY8.js:34
[   67064ms] [WARNING] Encrypted Media access has been blocked because of a Feature Policy applied to the current document. See https://crbug.com/414348233 for more details. @ https://player-widget.mixcloud.com/assets/index-DFbmkmY8.js:34
[   67064ms] [ERROR] Permissions policy violation: encrypted-media is not allowed in this document. @ https://player-widget.mixcloud.com/assets/index-DFbmkmY8.js:34
[   67064ms] [WARNING] Encrypted Media access has been blocked because of a Feature Policy applied to the current document. See https://crbug.com/414348233 for more details. @ https://player-widget.mixcloud.com/assets/index-DFbmkmY8.js:34
[   67064ms] [ERROR] Permissions policy violation: encrypted-media is not allowed in this document. @ https://player-widget.mixcloud.com/assets/index-DFbmkmY8.js:34
[   67064ms] [WARNING] Encrypted Media access has been blocked because of a Feature Policy applied to the current document. See https://crbug.com/414348233 for more details. @ https://player-widget.mixcloud.com/assets/index-DFbmkmY8.js:34
[   67068ms] [ERROR] Permissions policy violation: encrypted-media is not allowed in this document. @ https://player-widget.mixcloud.com/assets/index-DFbmkmY8.js:34
[   67068ms] [WARNING] Encrypted Media access has been blocked because of a Feature Policy applied to the current document. See https://crbug.com/414348233 for more details. @ https://player-widget.mixcloud.com/assets/index-DFbmkmY8.js:34
[   67068ms] [ERROR] Permissions policy violation: encrypted-media is not allowed in this document. @ https://player-widget.mixcloud.com/assets/index-DFbmkmY8.js:34
[   67068ms] [WARNING] Encrypted Media access has been blocked because of a Feature Policy applied to the current document. See https://crbug.com/414348233 for more details. @ https://player-widget.mixcloud.com/assets/index-DFbmkmY8.js:34
[   67068ms] [ERROR] Permissions policy violation: encrypted-media is not allowed in this document. @ https://player-widget.mixcloud.com/assets/index-DFbmkmY8.js:34
[   67068ms] [WARNING] Encrypted Media access has been blocked because of a Feature Policy applied to the current document. See https://crbug.com/414348233 for more details. @ https://player-widget.mixcloud.com/assets/index-DFbmkmY8.js:34
[   67071ms] [ERROR] Permissions policy violation: encrypted-media is not allowed in this document. @ https://player-widget.mixcloud.com/assets/index-DFbmkmY8.js:34
[   67071ms] [WARNING] Encrypted Media access has been blocked because of a Feature Policy applied to the current document. See https://crbug.com/414348233 for more details. @ https://player-widget.mixcloud.com/assets/index-DFbmkmY8.js:34
[   67071ms] [ERROR] Permissions policy violation: encrypted-media is not allowed in this document. @ https://player-widget.mixcloud.com/assets/index-DFbmkmY8.js:34
[   67071ms] [WARNING] Encrypted Media access has been blocked because of a Feature Policy applied to the current document. See https://crbug.com/414348233 for more details. @ https://player-widget.mixcloud.com/assets/index-DFbmkmY8.js:34
[   67071ms] [ERROR] Permissions policy violation: encrypted-media is not allowed in this document. @ https://player-widget.mixcloud.com/assets/index-DFbmkmY8.js:34
[   67071ms] [WARNING] Encrypted Media access has been blocked because of a Feature Policy applied to the current document. See https://crbug.com/414348233 for more details. @ https://player-widget.mixcloud.com/assets/index-DFbmkmY8.js:34
[   67075ms] [ERROR] Permissions policy violation: encrypted-media is not allowed in this document. @ https://player-widget.mixcloud.com/assets/index-DFbmkmY8.js:34
[   67075ms] [WARNING] Encrypted Media access has been blocked because of a Feature Policy applied to the current document. See https://crbug.com/414348233 for more details. @ https://player-widget.mixcloud.com/assets/index-DFbmkmY8.js:34
[   67075ms] [ERROR] Permissions policy violation: encrypted-media is not allowed in this document. @ https://player-widget.mixcloud.com/assets/index-DFbmkmY8.js:34
[   67075ms] [WARNING] Encrypted Media access has been blocked because of a Feature Policy applied to the current document. See https://crbug.com/414348233 for more details. @ https://player-widget.mixcloud.com/assets/index-DFbmkmY8.js:34
[   67075ms] [ERROR] Permissions policy violation: encrypted-media is not allowed in this document. @ https://player-widget.mixcloud.com/assets/index-DFbmkmY8.js:34
[   67075ms] [WARNING] Encrypted Media access has been blocked because of a Feature Policy applied to the current document. See https://crbug.com/414348233 for more details. @ https://player-widget.mixcloud.com/assets/index-DFbmkmY8.js:34
[   67079ms] [ERROR] Permissions policy violation: encrypted-media is not allowed in this document. @ https://player-widget.mixcloud.com/assets/index-DFbmkmY8.js:34
[   67079ms] [WARNING] Encrypted Media access has been blocked because of a Feature Policy applied to the current document. See https://crbug.com/414348233 for more details. @ https://player-widget.mixcloud.com/assets/index-DFbmkmY8.js:34
[   67079ms] [ERROR] Permissions policy violation: encrypted-media is not allowed in this document. @ https://player-widget.mixcloud.com/assets/index-DFbmkmY8.js:34
[   67079ms] [WARNING] Encrypted Media access has been blocked because of a Feature Policy applied to the current document. See https://crbug.com/414348233 for more details. @ https://player-widget.mixcloud.com/assets/index-DFbmkmY8.js:34
[   67079ms] [ERROR] Permissions policy violation: encrypted-media is not allowed in this document. @ https://player-widget.mixcloud.com/assets/index-DFbmkmY8.js:34
[   67079ms] [WARNING] Encrypted Media access has been blocked because of a Feature Policy applied to the current document. See https://crbug.com/414348233 for more details. @ https://player-widget.mixcloud.com/assets/index-DFbmkmY8.js:34
[   67085ms] [ERROR] Permissions policy violation: encrypted-media is not allowed in this document. @ https://player-widget.mixcloud.com/assets/index-DFbmkmY8.js:34
[   67085ms] [WARNING] Encrypted Media access has been blocked because of a Feature Policy applied to the current document. See https://crbug.com/414348233 for more details. @ https://player-widget.mixcloud.com/assets/index-DFbmkmY8.js:34
[   67085ms] [ERROR] Permissions policy violation: encrypted-media is not allowed in this document. @ https://player-widget.mixcloud.com/assets/index-DFbmkmY8.js:34
[   67085ms] [WARNING] Encrypted Media access has been blocked because of a Feature Policy applied to the current document. See https://crbug.com/414348233 for more details. @ https://player-widget.mixcloud.com/assets/index-DFbmkmY8.js:34
[   67085ms] [ERROR] Permissions policy violation: encrypted-media is not allowed in this document. @ https://player-widget.mixcloud.com/assets/index-DFbmkmY8.js:34
[   67085ms] [WARNING] Encrypted Media access has been blocked because of a Feature Policy applied to the current document. See https://crbug.com/414348233 for more details. @ https://player-widget.mixcloud.com/assets/index-DFbmkmY8.js:34
[   67089ms] [ERROR] Failed to load resource: the server responded with a status of 404 () @ https://player-widget.mixcloud.com/mix-D-rK8BlV-MixcloudWordmarkLogo.svg#use-href-target:0
[   67093ms] [ERROR] Permissions policy violation: encrypted-media is not allowed in this document. @ https://player-widget.mixcloud.com/assets/index-DFbmkmY8.js:34
[   67093ms] [WARNING] Encrypted Media access has been blocked because of a Feature Policy applied to the current document. See https://crbug.com/414348233 for more details. @ https://player-widget.mixcloud.com/assets/index-DFbmkmY8.js:34
[   67093ms] [ERROR] Permissions policy violation: encrypted-media is not allowed in this document. @ https://player-widget.mixcloud.com/assets/index-DFbmkmY8.js:34
[   67093ms] [WARNING] Encrypted Media access has been blocked because of a Feature Policy applied to the current document. See https://crbug.com/414348233 for more details. @ https://player-widget.mixcloud.com/assets/index-DFbmkmY8.js:34
[   67093ms] [ERROR] Permissions policy violation: encrypted-media is not allowed in this document. @ https://player-widget.mixcloud.com/assets/index-DFbmkmY8.js:34
[   67093ms] [WARNING] Encrypted Media access has been blocked because of a Feature Policy applied to the current document. See https://crbug.com/414348233 for more details. @ https://player-widget.mixcloud.com/assets/index-DFbmkmY8.js:34
[   67097ms] [ERROR] Permissions policy violation: encrypted-media is not allowed in this document. @ https://player-widget.mixcloud.com/assets/index-DFbmkmY8.js:34
[   67097ms] [WARNING] Encrypted Media access has been blocked because of a Feature Policy applied to the current document. See https://crbug.com/414348233 for more details. @ https://player-widget.mixcloud.com/assets/index-DFbmkmY8.js:34
[   67097ms] [ERROR] Permissions policy violation: encrypted-media is not allowed in this document. @ https://player-widget.mixcloud.com/assets/index-DFbmkmY8.js:34
[   67097ms] [WARNING] Encrypted Media access has been blocked because of a Feature Policy applied to the current document. See https://crbug.com/414348233 for more details. @ https://player-widget.mixcloud.com/assets/index-DFbmkmY8.js:34
[   67097ms] [ERROR] Permissions policy violation: encrypted-media is not allowed in this document. @ https://player-widget.mixcloud.com/assets/index-DFbmkmY8.js:34
[   67097ms] [WARNING] Encrypted Media access has been blocked because of a Feature Policy applied to the current document. See https://crbug.com/414348233 for more details. @ https://player-widget.mixcloud.com/assets/index-DFbmkmY8.js:34
[   67133ms] [ERROR] Failed to load resource: the server responded with a status of 404 () @ https://player-widget.mixcloud.com/mix-D-rK8BlV-MixcloudWordmarkLogo.svg#use-href-target:0
[   67173ms] [ERROR] Failed to load resource: the server responded with a status of 404 () @ https://player-widget.mixcloud.com/mix-D-rK8BlV-MixcloudWordmarkLogo.svg#use-href-target:0
[   67060ms] [ERROR] Permissions policy violation: encrypted-media is not allowed in this document. @ https://player-widget.mixcloud.com/assets/index-DFbmkmY8.js:34
[   67060ms] [WARNING] Encrypted Media access has been blocked because of a Feature Policy applied to the current document. See https://crbug.com/414348233 for more details. @ https://player-widget.mixcloud.com/assets/index-DFbmkmY8.js:34
[   67060ms] [ERROR] Permissions policy violation: encrypted-media is not allowed in this document. @ https://player-widget.mixcloud.com/assets/index-DFbmkmY8.js:34
[   67060ms] [WARNING] Encrypted Media access has been blocked because of a Feature Policy applied to the current document. See https://crbug.com/414348233 for more details. @ https://player-widget.mixcloud.com/assets/index-DFbmkmY8.js:34
[   67061ms] [ERROR] Permissions policy violation: encrypted-media is not allowed in this document. @ https://player-widget.mixcloud.com/assets/index-DFbmkmY8.js:34
[   67061ms] [WARNING] Encrypted Media access has been blocked because of a Feature Policy applied to the current document. See https://crbug.com/414348233 for more details. @ https://player-widget.mixcloud.com/assets/index-DFbmkmY8.js:34
[   67064ms] [ERROR] Permissions policy violation: encrypted-media is not allowed in this document. @ https://player-widget.mixcloud.com/assets/index-DFbmkmY8.js:34
[   67064ms] [WARNING] Encrypted Media access has been blocked because of a Feature Policy applied to the current document. See https://crbug.com/414348233 for more details. @ https://player-widget.mixcloud.com/assets/index-DFbmkmY8.js:34
[   67064ms] [ERROR] Permissions policy violation: encrypted-media is not allowed in this document. @ https://player-widget.mixcloud.com/assets/index-DFbmkmY8.js:34
[   67064ms] [WARNING] Encrypted Media access has been blocked because of a Feature Policy applied to the current document. See https://crbug.com/414348233 for more details. @ https://player-widget.mixcloud.com/assets/index-DFbmkmY8.js:34
[   67064ms] [ERROR] Permissions policy violation: encrypted-media is not allowed in this document. @ https://player-widget.mixcloud.com/assets/index-DFbmkmY8.js:34
[   67064ms] [WARNING] Encrypted Media access has been blocked because of a Feature Policy applied to the current document. See https://crbug.com/414348233 for more details. @ https://player-widget.mixcloud.com/assets/index-DFbmkmY8.js:34
[   67068ms] [ERROR] Permissions policy violation: encrypted-media is not allowed in this document. @ https://player-widget.mixcloud.com/assets/index-DFbmkmY8.js:34
[   67068ms] [WARNING] Encrypted Media access has been blocked because of a Feature Policy applied to the current document. See https://crbug.com/414348233 for more details. @ https://player-widget.mixcloud.com/assets/index-DFbmkmY8.js:34
[   67068ms] [ERROR] Permissions policy violation: encrypted-media is not allowed in this document. @ https://player-widget.mixcloud.com/assets/index-DFbmkmY8.js:34
[   67068ms] [WARNING] Encrypted Media access has been blocked because of a Feature Policy applied to the current document. See https://crbug.com/414348233 for more details. @ https://player-widget.mixcloud.com/assets/index-DFbmkmY8.js:34
[   67068ms] [ERROR] Permissions policy violation: encrypted-media is not allowed in this document. @ https://player-widget.mixcloud.com/assets/index-DFbmkmY8.js:34
[   67068ms] [WARNING] Encrypted Media access has been blocked because of a Feature Policy applied to the current document. See https://crbug.com/414348233 for more details. @ https://player-widget.mixcloud.com/assets/index-DFbmkmY8.js:34
[   67071ms] [ERROR] Permissions policy violation: encrypted-media is not allowed in this document. @ https://player-widget.mixcloud.com/assets/index-DFbmkmY8.js:34
[   67071ms] [WARNING] Encrypted Media access has been blocked because of a Feature Policy applied to the current document. See https://crbug.com/414348233 for more details. @ https://player-widget.mixcloud.com/assets/index-DFbmkmY8.js:34
[   67071ms] [ERROR] Permissions policy violation: encrypted-media is not allowed in this document. @ https://player-widget.mixcloud.com/assets/index-DFbmkmY8.js:34
[   67071ms] [WARNING] Encrypted Media access has been blocked because of a Feature Policy applied to the current document. See https://crbug.com/414348233 for more details. @ https://player-widget.mixcloud.com/assets/index-DFbmkmY8.js:34
[   67071ms] [ERROR] Permissions policy violation: encrypted-media is not allowed in this document. @ https://player-widget.mixcloud.com/assets/index-DFbmkmY8.js:34
[   67071ms] [WARNING] Encrypted Media access has been blocked because of a Feature Policy applied to the current document. See https://crbug.com/414348233 for more details. @ https://player-widget.mixcloud.com/assets/index-DFbmkmY8.js:34
[   67075ms] [ERROR] Permissions policy violation: encrypted-media is not allowed in this document. @ https://player-widget.mixcloud.com/assets/index-DFbmkmY8.js:34
[   67075ms] [WARNING] Encrypted Media access has been blocked because of a Feature Policy applied to the current document. See https://crbug.com/414348233 for more details. @ https://player-widget.mixcloud.com/assets/index-DFbmkmY8.js:34
[   67075ms] [ERROR] Permissions policy violation: encrypted-media is not allowed in this document. @ https://player-widget.mixcloud.com/assets/index-DFbmkmY8.js:34
[   67075ms] [WARNING] Encrypted Media access has been blocked because of a Feature Policy applied to the current document. See https://crbug.com/414348233 for more details. @ https://player-widget.mixcloud.com/assets/index-DFbmkmY8.js:34
[   67075ms] [ERROR] Permissions policy violation: encrypted-media is not allowed in this document. @ https://player-widget.mixcloud.com/assets/index-DFbmkmY8.js:34
[   67075ms] [WARNING] Encrypted Media access has been blocked because of a Feature Policy applied to the current document. See https://crbug.com/414348233 for more details. @ https://player-widget.mixcloud.com/assets/index-DFbmkmY8.js:34
[   67079ms] [ERROR] Permissions policy violation: encrypted-media is not allowed in this document. @ https://player-widget.mixcloud.com/assets/index-DFbmkmY8.js:34
[   67079ms] [WARNING] Encrypted Media access has been blocked because of a Feature Policy applied to the current document. See https://crbug.com/414348233 for more details. @ https://player-widget.mixcloud.com/assets/index-DFbmkmY8.js:34
[   67079ms] [ERROR] Permissions policy violation: encrypted-media is not allowed in this document. @ https://player-widget.mixcloud.com/assets/index-DFbmkmY8.js:34
[   67079ms] [WARNING] Encrypted Media access has been blocked because of a Feature Policy applied to the current document. See https://crbug.com/414348233 for more details. @ https://player-widget.mixcloud.com/assets/index-DFbmkmY8.js:34
[   67079ms] [ERROR] Permissions policy violation: encrypted-media is not allowed in this document. @ https://player-widget.mixcloud.com/assets/index-DFbmkmY8.js:34
[   67079ms] [WARNING] Encrypted Media access has been blocked because of a Feature Policy applied to the current document. See https://crbug.com/414348233 for more details. @ https://player-widget.mixcloud.com/assets/index-DFbmkmY8.js:34
[   67085ms] [ERROR] Permissions policy violation: encrypted-media is not allowed in this document. @ https://player-widget.mixcloud.com/assets/index-DFbmkmY8.js:34
[   67085ms] [WARNING] Encrypted Media access has been blocked because of a Feature Policy applied to the current document. See https://crbug.com/414348233 for more details. @ https://player-widget.mixcloud.com/assets/index-DFbmkmY8.js:34
[   67085ms] [ERROR] Permissions policy violation: encrypted-media is not allowed in this document. @ https://player-widget.mixcloud.com/assets/index-DFbmkmY8.js:34
[   67085ms] [WARNING] Encrypted Media access has been blocked because of a Feature Policy applied to the current document. See https://crbug.com/414348233 for more details. @ https://player-widget.mixcloud.com/assets/index-DFbmkmY8.js:34
[   67085ms] [ERROR] Permissions policy violation: encrypted-media is not allowed in this document. @ https://player-widget.mixcloud.com/assets/index-DFbmkmY8.js:34
[   67085ms] [WARNING] Encrypted Media access has been blocked because of a Feature Policy applied to the current document. See https://crbug.com/414348233 for more details. @ https://player-widget.mixcloud.com/assets/index-DFbmkmY8.js:34
[   67089ms] [ERROR] Failed to load resource: the server responded with a status of 404 () @ https://player-widget.mixcloud.com/mix-D-rK8BlV-MixcloudWordmarkLogo.svg#use-href-target:0
[   67093ms] [ERROR] Permissions policy violation: encrypted-media is not allowed in this document. @ https://player-widget.mixcloud.com/assets/index-DFbmkmY8.js:34
[   67093ms] [WARNING] Encrypted Media access has been blocked because of a Feature Policy applied to the current document. See https://crbug.com/414348233 for more details. @ https://player-widget.mixcloud.com/assets/index-DFbmkmY8.js:34
[   67093ms] [ERROR] Permissions policy violation: encrypted-media is not allowed in this document. @ https://player-widget.mixcloud.com/assets/index-DFbmkmY8.js:34
[   67093ms] [WARNING] Encrypted Media access has been blocked because of a Feature Policy applied to the current document. See https://crbug.com/414348233 for more details. @ https://player-widget.mixcloud.com/assets/index-DFbmkmY8.js:34
[   67093ms] [ERROR] Permissions policy violation: encrypted-media is not allowed in this document. @ https://player-widget.mixcloud.com/assets/index-DFbmkmY8.js:34
[   67093ms] [WARNING] Encrypted Media access has been blocked because of a Feature Policy applied to the current document. See https://crbug.com/414348233 for more details. @ https://player-widget.mixcloud.com/assets/index-DFbmkmY8.js:34
[   67097ms] [ERROR] Permissions policy violation: encrypted-media is not allowed in this document. @ https://player-widget.mixcloud.com/assets/index-DFbmkmY8.js:34
[   67097ms] [WARNING] Encrypted Media access has been blocked because of a Feature Policy applied to the current document. See https://crbug.com/414348233 for more details. @ https://player-widget.mixcloud.com/assets/index-DFbmkmY8.js:34
[   67097ms] [ERROR] Permissions policy violation: encrypted-media is not allowed in this document. @ https://player-widget.mixcloud.com/assets/index-DFbmkmY8.js:34
[   67097ms] [WARNING] Encrypted Media access has been blocked because of a Feature Policy applied to the current document. See https://crbug.com/414348233 for more details. @ https://player-widget.mixcloud.com/assets/index-DFbmkmY8.js:34
[   67097ms] [ERROR] Permissions policy violation: encrypted-media is not allowed in this document. @ https://player-widget.mixcloud.com/assets/index-DFbmkmY8.js:34
[   67097ms] [WARNING] Encrypted Media access has been blocked because of a Feature Policy applied to the current document. See https://crbug.com/414348233 for more details. @ https://player-widget.mixcloud.com/assets/index-DFbmkmY8.js:34
[   67133ms] [ERROR] Failed to load resource: the server responded with a status of 404 () @ https://player-widget.mixcloud.com/mix-D-rK8BlV-MixcloudWordmarkLogo.svg#use-href-target:0
[   67173ms] [ERROR] Failed to load resource: the server responded with a status of 404 () @ https://player-widget.mixcloud.com/mix-D-rK8BlV-MixcloudWordmarkLogo.svg#use-href-target:0
[   68028ms] [ERROR] Permissions policy violation: encrypted-media is not allowed in this document. @ https://player-widget.mixcloud.com/assets/index-DFbmkmY8.js:34
[   68028ms] [WARNING] Encrypted Media access has been blocked because of a Feature Policy applied to the current document. See https://crbug.com/414348233 for more details. @ https://player-widget.mixcloud.com/assets/index-DFbmkmY8.js:34
[   68028ms] [ERROR] Permissions policy violation: encrypted-media is not allowed in this document. @ https://player-widget.mixcloud.com/assets/index-DFbmkmY8.js:34
[   68028ms] [WARNING] Encrypted Media access has been blocked because of a Feature Policy applied to the current document. See https://crbug.com/414348233 for more details. @ https://player-widget.mixcloud.com/assets/index-DFbmkmY8.js:34
[   68028ms] [ERROR] Permissions policy violation: encrypted-media is not allowed in this document. @ https://player-widget.mixcloud.com/assets/index-DFbmkmY8.js:34
[   68028ms] [WARNING] Encrypted Media access has been blocked because of a Feature Policy applied to the current document. See https://crbug.com/414348233 for more details. @ https://player-widget.mixcloud.com/assets/index-DFbmkmY8.js:34
[   68031ms] [ERROR] Permissions policy violation: encrypted-media is not allowed in this document. @ https://player-widget.mixcloud.com/assets/index-DFbmkmY8.js:34
[   68031ms] [WARNING] Encrypted Media access has been blocked because of a Feature Policy applied to the current document. See https://crbug.com/414348233 for more details. @ https://player-widget.mixcloud.com/assets/index-DFbmkmY8.js:34
[   68031ms] [ERROR] Permissions policy violation: encrypted-media is not allowed in this document. @ https://player-widget.mixcloud.com/assets/index-DFbmkmY8.js:34
[   68031ms] [WARNING] Encrypted Media access has been blocked because of a Feature Policy applied to the current document. See https://crbug.com/414348233 for more details. @ https://player-widget.mixcloud.com/assets/index-DFbmkmY8.js:34
[   68031ms] [ERROR] Permissions policy violation: encrypted-media is not allowed in this document. @ https://player-widget.mixcloud.com/assets/index-DFbmkmY8.js:34
[   68031ms] [WARNING] Encrypted Media access has been blocked because of a Feature Policy applied to the current document. See https://crbug.com/414348233 for more details. @ https://player-widget.mixcloud.com/assets/index-DFbmkmY8.js:34
[   67060ms] [ERROR] Permissions policy violation: encrypted-media is not allowed in this document. @ https://player-widget.mixcloud.com/assets/index-DFbmkmY8.js:34
[   67060ms] [WARNING] Encrypted Media access has been blocked because of a Feature Policy applied to the current document. See https://crbug.com/414348233 for more details. @ https://player-widget.mixcloud.com/assets/index-DFbmkmY8.js:34
[   67060ms] [ERROR] Permissions policy violation: encrypted-media is not allowed in this document. @ https://player-widget.mixcloud.com/assets/index-DFbmkmY8.js:34
[   67060ms] [WARNING] Encrypted Media access has been blocked because of a Feature Policy applied to the current document. See https://crbug.com/414348233 for more details. @ https://player-widget.mixcloud.com/assets/index-DFbmkmY8.js:34
[   67061ms] [ERROR] Permissions policy violation: encrypted-media is not allowed in this document. @ https://player-widget.mixcloud.com/assets/index-DFbmkmY8.js:34
[   67061ms] [WARNING] Encrypted Media access has been blocked because of a Feature Policy applied to the current document. See https://crbug.com/414348233 for more details. @ https://player-widget.mixcloud.com/assets/index-DFbmkmY8.js:34
[   67064ms] [ERROR] Permissions policy violation: encrypted-media is not allowed in this document. @ https://player-widget.mixcloud.com/assets/index-DFbmkmY8.js:34
[   67064ms] [WARNING] Encrypted Media access has been blocked because of a Feature Policy applied to the current document. See https://crbug.com/414348233 for more details. @ https://player-widget.mixcloud.com/assets/index-DFbmkmY8.js:34
[   67064ms] [ERROR] Permissions policy violation: encrypted-media is not allowed in this document. @ https://player-widget.mixcloud.com/assets/index-DFbmkmY8.js:34
[   67064ms] [WARNING] Encrypted Media access has been blocked because of a Feature Policy applied to the current document. See https://crbug.com/414348233 for more details. @ https://player-widget.mixcloud.com/assets/index-DFbmkmY8.js:34
[   67064ms] [ERROR] Permissions policy violation: encrypted-media is not allowed in this document. @ https://player-widget.mixcloud.com/assets/index-DFbmkmY8.js:34
[   67064ms] [WARNING] Encrypted Media access has been blocked because of a Feature Policy applied to the current document. See https://crbug.com/414348233 for more details. @ https://player-widget.mixcloud.com/assets/index-DFbmkmY8.js:34
[   67068ms] [ERROR] Permissions policy violation: encrypted-media is not allowed in this document. @ https://player-widget.mixcloud.com/assets/index-DFbmkmY8.js:34
[   67068ms] [WARNING] Encrypted Media access has been blocked because of a Feature Policy applied to the current document. See https://crbug.com/414348233 for more details. @ https://player-widget.mixcloud.com/assets/index-DFbmkmY8.js:34
[   67068ms] [ERROR] Permissions policy violation: encrypted-media is not allowed in this document. @ https://player-widget.mixcloud.com/assets/index-DFbmkmY8.js:34
[   67068ms] [WARNING] Encrypted Media access has been blocked because of a Feature Policy applied to the current document. See https://crbug.com/414348233 for more details. @ https://player-widget.mixcloud.com/assets/index-DFbmkmY8.js:34
[   67068ms] [ERROR] Permissions policy violation: encrypted-media is not allowed in this document. @ https://player-widget.mixcloud.com/assets/index-DFbmkmY8.js:34
[   67068ms] [WARNING] Encrypted Media access has been blocked because of a Feature Policy applied to the current document. See https://crbug.com/414348233 for more details. @ https://player-widget.mixcloud.com/assets/index-DFbmkmY8.js:34
[   67071ms] [ERROR] Permissions policy violation: encrypted-media is not allowed in this document. @ https://player-widget.mixcloud.com/assets/index-DFbmkmY8.js:34
[   67071ms] [WARNING] Encrypted Media access has been blocked because of a Feature Policy applied to the current document. See https://crbug.com/414348233 for more details. @ https://player-widget.mixcloud.com/assets/index-DFbmkmY8.js:34
[   67071ms] [ERROR] Permissions policy violation: encrypted-media is not allowed in this document. @ https://player-widget.mixcloud.com/assets/index-DFbmkmY8.js:34
[   67071ms] [WARNING] Encrypted Media access has been blocked because of a Feature Policy applied to the current document. See https://crbug.com/414348233 for more details. @ https://player-widget.mixcloud.com/assets/index-DFbmkmY8.js:34
[   67071ms] [ERROR] Permissions policy violation: encrypted-media is not allowed in this document. @ https://player-widget.mixcloud.com/assets/index-DFbmkmY8.js:34
[   67071ms] [WARNING] Encrypted Media access has been blocked because of a Feature Policy applied to the current document. See https://crbug.com/414348233 for more details. @ https://player-widget.mixcloud.com/assets/index-DFbmkmY8.js:34
[   67075ms] [ERROR] Permissions policy violation: encrypted-media is not allowed in this document. @ https://player-widget.mixcloud.com/assets/index-DFbmkmY8.js:34
[   67075ms] [WARNING] Encrypted Media access has been blocked because of a Feature Policy applied to the current document. See https://crbug.com/414348233 for more details. @ https://player-widget.mixcloud.com/assets/index-DFbmkmY8.js:34
[   67075ms] [ERROR] Permissions policy violation: encrypted-media is not allowed in this document. @ https://player-widget.mixcloud.com/assets/index-DFbmkmY8.js:34
[   67075ms] [WARNING] Encrypted Media access has been blocked because of a Feature Policy applied to the current document. See https://crbug.com/414348233 for more details. @ https://player-widget.mixcloud.com/assets/index-DFbmkmY8.js:34
[   67075ms] [ERROR] Permissions policy violation: encrypted-media is not allowed in this document. @ https://player-widget.mixcloud.com/assets/index-DFbmkmY8.js:34
[   67075ms] [WARNING] Encrypted Media access has been blocked because of a Feature Policy applied to the current document. See https://crbug.com/414348233 for more details. @ https://player-widget.mixcloud.com/assets/index-DFbmkmY8.js:34
[   67079ms] [ERROR] Permissions policy violation: encrypted-media is not allowed in this document. @ https://player-widget.mixcloud.com/assets/index-DFbmkmY8.js:34
[   67079ms] [WARNING] Encrypted Media access has been blocked because of a Feature Policy applied to the current document. See https://crbug.com/414348233 for more details. @ https://player-widget.mixcloud.com/assets/index-DFbmkmY8.js:34
[   67079ms] [ERROR] Permissions policy violation: encrypted-media is not allowed in this document. @ https://player-widget.mixcloud.com/assets/index-DFbmkmY8.js:34
[   67079ms] [WARNING] Encrypted Media access has been blocked because of a Feature Policy applied to the current document. See https://crbug.com/414348233 for more details. @ https://player-widget.mixcloud.com/assets/index-DFbmkmY8.js:34
[   67079ms] [ERROR] Permissions policy violation: encrypted-media is not allowed in this document. @ https://player-widget.mixcloud.com/assets/index-DFbmkmY8.js:34
[   67079ms] [WARNING] Encrypted Media access has been blocked because of a Feature Policy applied to the current document. See https://crbug.com/414348233 for more details. @ https://player-widget.mixcloud.com/assets/index-DFbmkmY8.js:34
[   67085ms] [ERROR] Permissions policy violation: encrypted-media is not allowed in this document. @ https://player-widget.mixcloud.com/assets/index-DFbmkmY8.js:34
[   67085ms] [WARNING] Encrypted Media access has been blocked because of a Feature Policy applied to the current document. See https://crbug.com/414348233 for more details. @ https://player-widget.mixcloud.com/assets/index-DFbmkmY8.js:34
[   67085ms] [ERROR] Permissions policy violation: encrypted-media is not allowed in this document. @ https://player-widget.mixcloud.com/assets/index-DFbmkmY8.js:34
[   67085ms] [WARNING] Encrypted Media access has been blocked because of a Feature Policy applied to the current document. See https://crbug.com/414348233 for more details. @ https://player-widget.mixcloud.com/assets/index-DFbmkmY8.js:34
[   67085ms] [ERROR] Permissions policy violation: encrypted-media is not allowed in this document. @ https://player-widget.mixcloud.com/assets/index-DFbmkmY8.js:34
[   67085ms] [WARNING] Encrypted Media access has been blocked because of a Feature Policy applied to the current document. See https://crbug.com/414348233 for more details. @ https://player-widget.mixcloud.com/assets/index-DFbmkmY8.js:34
[   67089ms] [ERROR] Failed to load resource: the server responded with a status of 404 () @ https://player-widget.mixcloud.com/mix-D-rK8BlV-MixcloudWordmarkLogo.svg#use-href-target:0
[   67093ms] [ERROR] Permissions policy violation: encrypted-media is not allowed in this document. @ https://player-widget.mixcloud.com/assets/index-DFbmkmY8.js:34
[   67093ms] [WARNING] Encrypted Media access has been blocked because of a Feature Policy applied to the current document. See https://crbug.com/414348233 for more details. @ https://player-widget.mixcloud.com/assets/index-DFbmkmY8.js:34
[   67093ms] [ERROR] Permissions policy violation: encrypted-media is not allowed in this document. @ https://player-widget.mixcloud.com/assets/index-DFbmkmY8.js:34
[   67093ms] [WARNING] Encrypted Media access has been blocked because of a Feature Policy applied to the current document. See https://crbug.com/414348233 for more details. @ https://player-widget.mixcloud.com/assets/index-DFbmkmY8.js:34
[   67093ms] [ERROR] Permissions policy violation: encrypted-media is not allowed in this document. @ https://player-widget.mixcloud.com/assets/index-DFbmkmY8.js:34
[   67093ms] [WARNING] Encrypted Media access has been blocked because of a Feature Policy applied to the current document. See https://crbug.com/414348233 for more details. @ https://player-widget.mixcloud.com/assets/index-DFbmkmY8.js:34
[   67097ms] [ERROR] Permissions policy violation: encrypted-media is not allowed in this document. @ https://player-widget.mixcloud.com/assets/index-DFbmkmY8.js:34
[   67097ms] [WARNING] Encrypted Media access has been blocked because of a Feature Policy applied to the current document. See https://crbug.com/414348233 for more details. @ https://player-widget.mixcloud.com/assets/index-DFbmkmY8.js:34
[   67097ms] [ERROR] Permissions policy violation: encrypted-media is not allowed in this document. @ https://player-widget.mixcloud.com/assets/index-DFbmkmY8.js:34
[   67097ms] [WARNING] Encrypted Media access has been blocked because of a Feature Policy applied to the current document. See https://crbug.com/414348233 for more details. @ https://player-widget.mixcloud.com/assets/index-DFbmkmY8.js:34
[   67097ms] [ERROR] Permissions policy violation: encrypted-media is not allowed in this document. @ https://player-widget.mixcloud.com/assets/index-DFbmkmY8.js:34
[   67097ms] [WARNING] Encrypted Media access has been blocked because of a Feature Policy applied to the current document. See https://crbug.com/414348233 for more details. @ https://player-widget.mixcloud.com/assets/index-DFbmkmY8.js:34
[   67133ms] [ERROR] Failed to load resource: the server responded with a status of 404 () @ https://player-widget.mixcloud.com/mix-D-rK8BlV-MixcloudWordmarkLogo.svg#use-href-target:0
[   67173ms] [ERROR] Failed to load resource: the server responded with a status of 404 () @ https://player-widget.mixcloud.com/mix-D-rK8BlV-MixcloudWordmarkLogo.svg#use-href-target:0
[   68028ms] [ERROR] Permissions policy violation: encrypted-media is not allowed in this document. @ https://player-widget.mixcloud.com/assets/index-DFbmkmY8.js:34
[   68028ms] [WARNING] Encrypted Media access has been blocked because of a Feature Policy applied to the current document. See https://crbug.com/414348233 for more details. @ https://player-widget.mixcloud.com/assets/index-DFbmkmY8.js:34
[   68028ms] [ERROR] Permissions policy violation: encrypted-media is not allowed in this document. @ https://player-widget.mixcloud.com/assets/index-DFbmkmY8.js:34
[   68028ms] [WARNING] Encrypted Media access has been blocked because of a Feature Policy applied to the current document. See https://crbug.com/414348233 for more details. @ https://player-widget.mixcloud.com/assets/index-DFbmkmY8.js:34
[   68028ms] [ERROR] Permissions policy violation: encrypted-media is not allowed in this document. @ https://player-widget.mixcloud.com/assets/index-DFbmkmY8.js:34
[   68028ms] [WARNING] Encrypted Media access has been blocked because of a Feature Policy applied to the current document. See https://crbug.com/414348233 for more details. @ https://player-widget.mixcloud.com/assets/index-DFbmkmY8.js:34
[   68031ms] [ERROR] Permissions policy violation: encrypted-media is not allowed in this document. @ https://player-widget.mixcloud.com/assets/index-DFbmkmY8.js:34
[   68031ms] [WARNING] Encrypted Media access has been blocked because of a Feature Policy applied to the current document. See https://crbug.com/414348233 for more details. @ https://player-widget.mixcloud.com/assets/index-DFbmkmY8.js:34
[   68031ms] [ERROR] Permissions policy violation: encrypted-media is not allowed in this document. @ https://player-widget.mixcloud.com/assets/index-DFbmkmY8.js:34
[   68031ms] [WARNING] Encrypted Media access has been blocked because of a Feature Policy applied to the current document. See https://crbug.com/414348233 for more details. @ https://player-widget.mixcloud.com/assets/index-DFbmkmY8.js:34
[   68031ms] [ERROR] Permissions policy violation: encrypted-media is not allowed in this document. @ https://player-widget.mixcloud.com/assets/index-DFbmkmY8.js:34
[   68031ms] [WARNING] Encrypted Media access has been blocked because of a Feature Policy applied to the current document. See https://crbug.com/414348233 for more details. @ https://player-widget.mixcloud.com/assets/index-DFbmkmY8.js:34
[   68056ms] [ERROR] Permissions policy violation: encrypted-media is not allowed in this document. @ https://player-widget.mixcloud.com/assets/index-DFbmkmY8.js:34
[   68056ms] [WARNING] Encrypted Media access has been blocked because of a Feature Policy applied to the current document. See https://crbug.com/414348233 for more details. @ https://player-widget.mixcloud.com/assets/index-DFbmkmY8.js:34
[   68056ms] [ERROR] Permissions policy violation: encrypted-media is not allowed in this document. @ https://player-widget.mixcloud.com/assets/index-DFbmkmY8.js:34
[   68056ms] [WARNING] Encrypted Media access has been blocked because of a Feature Policy applied to the current document. See https://crbug.com/414348233 for more details. @ https://player-widget.mixcloud.com/assets/index-DFbmkmY8.js:34
[   68056ms] [ERROR] Permissions policy violation: encrypted-media is not allowed in this document. @ https://player-widget.mixcloud.com/assets/index-DFbmkmY8.js:34
[   68056ms] [WARNING] Encrypted Media access has been blocked because of a Feature Policy applied to the current document. See https://crbug.com/414348233 for more details. @ https://player-widget.mixcloud.com/assets/index-DFbmkmY8.js:34
[   68064ms] [ERROR] Failed to load resource: the server responded with a status of 404 () @ https://player-widget.mixcloud.com/mix-D-rK8BlV-MixcloudWordmarkLogo.svg#use-href-target:0
[   68102ms] [ERROR] Failed to load resource: the server responded with a status of 404 () @ https://player-widget.mixcloud.com/mix-D-rK8BlV-MixcloudWordmarkLogo.svg#use-href-target:0
[   67060ms] [ERROR] Permissions policy violation: encrypted-media is not allowed in this document. @ https://player-widget.mixcloud.com/assets/index-DFbmkmY8.js:34
[   67060ms] [WARNING] Encrypted Media access has been blocked because of a Feature Policy applied to the current document. See https://crbug.com/414348233 for more details. @ https://player-widget.mixcloud.com/assets/index-DFbmkmY8.js:34
[   67060ms] [ERROR] Permissions policy violation: encrypted-media is not allowed in this document. @ https://player-widget.mixcloud.com/assets/index-DFbmkmY8.js:34
[   67060ms] [WARNING] Encrypted Media access has been blocked because of a Feature Policy applied to the current document. See https://crbug.com/414348233 for more details. @ https://player-widget.mixcloud.com/assets/index-DFbmkmY8.js:34
[   67061ms] [ERROR] Permissions policy violation: encrypted-media is not allowed in this document. @ https://player-widget.mixcloud.com/assets/index-DFbmkmY8.js:34
[   67061ms] [WARNING] Encrypted Media access has been blocked because of a Feature Policy applied to the current document. See https://crbug.com/414348233 for more details. @ https://player-widget.mixcloud.com/assets/index-DFbmkmY8.js:34
[   67064ms] [ERROR] Permissions policy violation: encrypted-media is not allowed in this document. @ https://player-widget.mixcloud.com/assets/index-DFbmkmY8.js:34
[   67064ms] [WARNING] Encrypted Media access has been blocked because of a Feature Policy applied to the current document. See https://crbug.com/414348233 for more details. @ https://player-widget.mixcloud.com/assets/index-DFbmkmY8.js:34
[   67064ms] [ERROR] Permissions policy violation: encrypted-media is not allowed in this document. @ https://player-widget.mixcloud.com/assets/index-DFbmkmY8.js:34
[   67064ms] [WARNING] Encrypted Media access has been blocked because of a Feature Policy applied to the current document. See https://crbug.com/414348233 for more details. @ https://player-widget.mixcloud.com/assets/index-DFbmkmY8.js:34
[   67064ms] [ERROR] Permissions policy violation: encrypted-media is not allowed in this document. @ https://player-widget.mixcloud.com/assets/index-DFbmkmY8.js:34
[   67064ms] [WARNING] Encrypted Media access has been blocked because of a Feature Policy applied to the current document. See https://crbug.com/414348233 for more details. @ https://player-widget.mixcloud.com/assets/index-DFbmkmY8.js:34
[   67068ms] [ERROR] Permissions policy violation: encrypted-media is not allowed in this document. @ https://player-widget.mixcloud.com/assets/index-DFbmkmY8.js:34
[   67068ms] [WARNING] Encrypted Media access has been blocked because of a Feature Policy applied to the current document. See https://crbug.com/414348233 for more details. @ https://player-widget.mixcloud.com/assets/index-DFbmkmY8.js:34
[   67068ms] [ERROR] Permissions policy violation: encrypted-media is not allowed in this document. @ https://player-widget.mixcloud.com/assets/index-DFbmkmY8.js:34
[   67068ms] [WARNING] Encrypted Media access has been blocked because of a Feature Policy applied to the current document. See https://crbug.com/414348233 for more details. @ https://player-widget.mixcloud.com/assets/index-DFbmkmY8.js:34
[   67068ms] [ERROR] Permissions policy violation: encrypted-media is not allowed in this document. @ https://player-widget.mixcloud.com/assets/index-DFbmkmY8.js:34
[   67068ms] [WARNING] Encrypted Media access has been blocked because of a Feature Policy applied to the current document. See https://crbug.com/414348233 for more details. @ https://player-widget.mixcloud.com/assets/index-DFbmkmY8.js:34
[   67071ms] [ERROR] Permissions policy violation: encrypted-media is not allowed in this document. @ https://player-widget.mixcloud.com/assets/index-DFbmkmY8.js:34
[   67071ms] [WARNING] Encrypted Media access has been blocked because of a Feature Policy applied to the current document. See https://crbug.com/414348233 for more details. @ https://player-widget.mixcloud.com/assets/index-DFbmkmY8.js:34
[   67071ms] [ERROR] Permissions policy violation: encrypted-media is not allowed in this document. @ https://player-widget.mixcloud.com/assets/index-DFbmkmY8.js:34
[   67071ms] [WARNING] Encrypted Media access has been blocked because of a Feature Policy applied to the current document. See https://crbug.com/414348233 for more details. @ https://player-widget.mixcloud.com/assets/index-DFbmkmY8.js:34
[   67071ms] [ERROR] Permissions policy violation: encrypted-media is not allowed in this document. @ https://player-widget.mixcloud.com/assets/index-DFbmkmY8.js:34
[   67071ms] [WARNING] Encrypted Media access has been blocked because of a Feature Policy applied to the current document. See https://crbug.com/414348233 for more details. @ https://player-widget.mixcloud.com/assets/index-DFbmkmY8.js:34
[   67075ms] [ERROR] Permissions policy violation: encrypted-media is not allowed in this document. @ https://player-widget.mixcloud.com/assets/index-DFbmkmY8.js:34
[   67075ms] [WARNING] Encrypted Media access has been blocked because of a Feature Policy applied to the current document. See https://crbug.com/414348233 for more details. @ https://player-widget.mixcloud.com/assets/index-DFbmkmY8.js:34
[   67075ms] [ERROR] Permissions policy violation: encrypted-media is not allowed in this document. @ https://player-widget.mixcloud.com/assets/index-DFbmkmY8.js:34
[   67075ms] [WARNING] Encrypted Media access has been blocked because of a Feature Policy applied to the current document. See https://crbug.com/414348233 for more details. @ https://player-widget.mixcloud.com/assets/index-DFbmkmY8.js:34
[   67075ms] [ERROR] Permissions policy violation: encrypted-media is not allowed in this document. @ https://player-widget.mixcloud.com/assets/index-DFbmkmY8.js:34
[   67075ms] [WARNING] Encrypted Media access has been blocked because of a Feature Policy applied to the current document. See https://crbug.com/414348233 for more details. @ https://player-widget.mixcloud.com/assets/index-DFbmkmY8.js:34
[   67079ms] [ERROR] Permissions policy violation: encrypted-media is not allowed in this document. @ https://player-widget.mixcloud.com/assets/index-DFbmkmY8.js:34
[   67079ms] [WARNING] Encrypted Media access has been blocked because of a Feature Policy applied to the current document. See https://crbug.com/414348233 for more details. @ https://player-widget.mixcloud.com/assets/index-DFbmkmY8.js:34
[   67079ms] [ERROR] Permissions policy violation: encrypted-media is not allowed in this document. @ https://player-widget.mixcloud.com/assets/index-DFbmkmY8.js:34
[   67079ms] [WARNING] Encrypted Media access has been blocked because of a Feature Policy applied to the current document. See https://crbug.com/414348233 for more details. @ https://player-widget.mixcloud.com/assets/index-DFbmkmY8.js:34
[   67079ms] [ERROR] Permissions policy violation: encrypted-media is not allowed in this document. @ https://player-widget.mixcloud.com/assets/index-DFbmkmY8.js:34
[   67079ms] [WARNING] Encrypted Media access has been blocked because of a Feature Policy applied to the current document. See https://crbug.com/414348233 for more details. @ https://player-widget.mixcloud.com/assets/index-DFbmkmY8.js:34
[   67085ms] [ERROR] Permissions policy violation: encrypted-media is not allowed in this document. @ https://player-widget.mixcloud.com/assets/index-DFbmkmY8.js:34
[   67085ms] [WARNING] Encrypted Media access has been blocked because of a Feature Policy applied to the current document. See https://crbug.com/414348233 for more details. @ https://player-widget.mixcloud.com/assets/index-DFbmkmY8.js:34
[   67085ms] [ERROR] Permissions policy violation: encrypted-media is not allowed in this document. @ https://player-widget.mixcloud.com/assets/index-DFbmkmY8.js:34
[   67085ms] [WARNING] Encrypted Media access has been blocked because of a Feature Policy applied to the current document. See https://crbug.com/414348233 for more details. @ https://player-widget.mixcloud.com/assets/index-DFbmkmY8.js:34
[   67085ms] [ERROR] Permissions policy violation: encrypted-media is not allowed in this document. @ https://player-widget.mixcloud.com/assets/index-DFbmkmY8.js:34
[   67085ms] [WARNING] Encrypted Media access has been blocked because of a Feature Policy applied to the current document. See https://crbug.com/414348233 for more details. @ https://player-widget.mixcloud.com/assets/index-DFbmkmY8.js:34
[   67089ms] [ERROR] Failed to load resource: the server responded with a status of 404 () @ https://player-widget.mixcloud.com/mix-D-rK8BlV-MixcloudWordmarkLogo.svg#use-href-target:0
[   67093ms] [ERROR] Permissions policy violation: encrypted-media is not allowed in this document. @ https://player-widget.mixcloud.com/assets/index-DFbmkmY8.js:34
[   67093ms] [WARNING] Encrypted Media access has been blocked because of a Feature Policy applied to the current document. See https://crbug.com/414348233 for more details. @ https://player-widget.mixcloud.com/assets/index-DFbmkmY8.js:34
[   67093ms] [ERROR] Permissions policy violation: encrypted-media is not allowed in this document. @ https://player-widget.mixcloud.com/assets/index-DFbmkmY8.js:34
[   67093ms] [WARNING] Encrypted Media access has been blocked because of a Feature Policy applied to the current document. See https://crbug.com/414348233 for more details. @ https://player-widget.mixcloud.com/assets/index-DFbmkmY8.js:34
[   67093ms] [ERROR] Permissions policy violation: encrypted-media is not allowed in this document. @ https://player-widget.mixcloud.com/assets/index-DFbmkmY8.js:34
[   67093ms] [WARNING] Encrypted Media access has been blocked because of a Feature Policy applied to the current document. See https://crbug.com/414348233 for more details. @ https://player-widget.mixcloud.com/assets/index-DFbmkmY8.js:34
[   67097ms] [ERROR] Permissions policy violation: encrypted-media is not allowed in this document. @ https://player-widget.mixcloud.com/assets/index-DFbmkmY8.js:34
[   67097ms] [WARNING] Encrypted Media access has been blocked because of a Feature Policy applied to the current document. See https://crbug.com/414348233 for more details. @ https://player-widget.mixcloud.com/assets/index-DFbmkmY8.js:34
[   67097ms] [ERROR] Permissions policy violation: encrypted-media is not allowed in this document. @ https://player-widget.mixcloud.com/assets/index-DFbmkmY8.js:34
[   67097ms] [WARNING] Encrypted Media access has been blocked because of a Feature Policy applied to the current document. See https://crbug.com/414348233 for more details. @ https://player-widget.mixcloud.com/assets/index-DFbmkmY8.js:34
[   67097ms] [ERROR] Permissions policy violation: encrypted-media is not allowed in this document. @ https://player-widget.mixcloud.com/assets/index-DFbmkmY8.js:34
[   67097ms] [WARNING] Encrypted Media access has been blocked because of a Feature Policy applied to the current document. See https://crbug.com/414348233 for more details. @ https://player-widget.mixcloud.com/assets/index-DFbmkmY8.js:34
[   67133ms] [ERROR] Failed to load resource: the server responded with a status of 404 () @ https://player-widget.mixcloud.com/mix-D-rK8BlV-MixcloudWordmarkLogo.svg#use-href-target:0
[   67173ms] [ERROR] Failed to load resource: the server responded with a status of 404 () @ https://player-widget.mixcloud.com/mix-D-rK8BlV-MixcloudWordmarkLogo.svg#use-href-target:0
[   68028ms] [ERROR] Permissions policy violation: encrypted-media is not allowed in this document. @ https://player-widget.mixcloud.com/assets/index-DFbmkmY8.js:34
[   68028ms] [WARNING] Encrypted Media access has been blocked because of a Feature Policy applied to the current document. See https://crbug.com/414348233 for more details. @ https://player-widget.mixcloud.com/assets/index-DFbmkmY8.js:34
[   68028ms] [ERROR] Permissions policy violation: encrypted-media is not allowed in this document. @ https://player-widget.mixcloud.com/assets/index-DFbmkmY8.js:34
[   68028ms] [WARNING] Encrypted Media access has been blocked because of a Feature Policy applied to the current document. See https://crbug.com/414348233 for more details. @ https://player-widget.mixcloud.com/assets/index-DFbmkmY8.js:34
[   68028ms] [ERROR] Permissions policy violation: encrypted-media is not allowed in this document. @ https://player-widget.mixcloud.com/assets/index-DFbmkmY8.js:34
[   68028ms] [WARNING] Encrypted Media access has been blocked because of a Feature Policy applied to the current document. See https://crbug.com/414348233 for more details. @ https://player-widget.mixcloud.com/assets/index-DFbmkmY8.js:34
[   68031ms] [ERROR] Permissions policy violation: encrypted-media is not allowed in this document. @ https://player-widget.mixcloud.com/assets/index-DFbmkmY8.js:34
[   68031ms] [WARNING] Encrypted Media access has been blocked because of a Feature Policy applied to the current document. See https://crbug.com/414348233 for more details. @ https://player-widget.mixcloud.com/assets/index-DFbmkmY8.js:34
[   68031ms] [ERROR] Permissions policy violation: encrypted-media is not allowed in this document. @ https://player-widget.mixcloud.com/assets/index-DFbmkmY8.js:34
[   68031ms] [WARNING] Encrypted Media access has been blocked because of a Feature Policy applied to the current document. See https://crbug.com/414348233 for more details. @ https://player-widget.mixcloud.com/assets/index-DFbmkmY8.js:34
[   68031ms] [ERROR] Permissions policy violation: encrypted-media is not allowed in this document. @ https://player-widget.mixcloud.com/assets/index-DFbmkmY8.js:34
[   68031ms] [WARNING] Encrypted Media access has been blocked because of a Feature Policy applied to the current document. See https://crbug.com/414348233 for more details. @ https://player-widget.mixcloud.com/assets/index-DFbmkmY8.js:34
[   68056ms] [ERROR] Permissions policy violation: encrypted-media is not allowed in this document. @ https://player-widget.mixcloud.com/assets/index-DFbmkmY8.js:34
[   68056ms] [WARNING] Encrypted Media access has been blocked because of a Feature Policy applied to the current document. See https://crbug.com/414348233 for more details. @ https://player-widget.mixcloud.com/assets/index-DFbmkmY8.js:34
[   68056ms] [ERROR] Permissions policy violation: encrypted-media is not allowed in this document. @ https://player-widget.mixcloud.com/assets/index-DFbmkmY8.js:34
[   68056ms] [WARNING] Encrypted Media access has been blocked because of a Feature Policy applied to the current document. See https://crbug.com/414348233 for more details. @ https://player-widget.mixcloud.com/assets/index-DFbmkmY8.js:34
[   68056ms] [ERROR] Permissions policy violation: encrypted-media is not allowed in this document. @ https://player-widget.mixcloud.com/assets/index-DFbmkmY8.js:34
[   68056ms] [WARNING] Encrypted Media access has been blocked because of a Feature Policy applied to the current document. See https://crbug.com/414348233 for more details. @ https://player-widget.mixcloud.com/assets/index-DFbmkmY8.js:34
[   68064ms] [ERROR] Failed to load resource: the server responded with a status of 404 () @ https://player-widget.mixcloud.com/mix-D-rK8BlV-MixcloudWordmarkLogo.svg#use-href-target:0
[   68102ms] [ERROR] Failed to load resource: the server responded with a status of 404 () @ https://player-widget.mixcloud.com/mix-D-rK8BlV-MixcloudWordmarkLogo.svg#use-href-target:0
[   68190ms] [ERROR] Failed to load resource: the server responded with a status of 404 () @ https://player-widget.mixcloud.com/mix-D-rK8BlV-MixcloudWordmarkLogo.svg#use-href-target:0
[   68213ms] [ERROR] Permissions policy violation: encrypted-media is not allowed in this document. @ https://player-widget.mixcloud.com/assets/index-DFbmkmY8.js:34
[   68213ms] [WARNING] Encrypted Media access has been blocked because of a Feature Policy applied to the current document. See https://crbug.com/414348233 for more details. @ https://player-widget.mixcloud.com/assets/index-DFbmkmY8.js:34
[   68213ms] [ERROR] Permissions policy violation: encrypted-media is not allowed in this document. @ https://player-widget.mixcloud.com/assets/index-DFbmkmY8.js:34
[   68213ms] [WARNING] Encrypted Media access has been blocked because of a Feature Policy applied to the current document. See https://crbug.com/414348233 for more details. @ https://player-widget.mixcloud.com/assets/index-DFbmkmY8.js:34
[   68213ms] [ERROR] Permissions policy violation: encrypted-media is not allowed in this document. @ https://player-widget.mixcloud.com/assets/index-DFbmkmY8.js:34
[   68213ms] [WARNING] Encrypted Media access has been blocked because of a Feature Policy applied to the current document. See https://crbug.com/414348233 for more details. @ https://player-widget.mixcloud.com/assets/index-DFbmkmY8.js:34
[   67060ms] [ERROR] Permissions policy violation: encrypted-media is not allowed in this document. @ https://player-widget.mixcloud.com/assets/index-DFbmkmY8.js:34
[   67060ms] [WARNING] Encrypted Media access has been blocked because of a Feature Policy applied to the current document. See https://crbug.com/414348233 for more details. @ https://player-widget.mixcloud.com/assets/index-DFbmkmY8.js:34
[   67060ms] [ERROR] Permissions policy violation: encrypted-media is not allowed in this document. @ https://player-widget.mixcloud.com/assets/index-DFbmkmY8.js:34
[   67060ms] [WARNING] Encrypted Media access has been blocked because of a Feature Policy applied to the current document. See https://crbug.com/414348233 for more details. @ https://player-widget.mixcloud.com/assets/index-DFbmkmY8.js:34
[   67061ms] [ERROR] Permissions policy violation: encrypted-media is not allowed in this document. @ https://player-widget.mixcloud.com/assets/index-DFbmkmY8.js:34
[   67061ms] [WARNING] Encrypted Media access has been blocked because of a Feature Policy applied to the current document. See https://crbug.com/414348233 for more details. @ https://player-widget.mixcloud.com/assets/index-DFbmkmY8.js:34
[   67064ms] [ERROR] Permissions policy violation: encrypted-media is not allowed in this document. @ https://player-widget.mixcloud.com/assets/index-DFbmkmY8.js:34
[   67064ms] [WARNING] Encrypted Media access has been blocked because of a Feature Policy applied to the current document. See https://crbug.com/414348233 for more details. @ https://player-widget.mixcloud.com/assets/index-DFbmkmY8.js:34
[   67064ms] [ERROR] Permissions policy violation: encrypted-media is not allowed in this document. @ https://player-widget.mixcloud.com/assets/index-DFbmkmY8.js:34
[   67064ms] [WARNING] Encrypted Media access has been blocked because of a Feature Policy applied to the current document. See https://crbug.com/414348233 for more details. @ https://player-widget.mixcloud.com/assets/index-DFbmkmY8.js:34
[   67064ms] [ERROR] Permissions policy violation: encrypted-media is not allowed in this document. @ https://player-widget.mixcloud.com/assets/index-DFbmkmY8.js:34
[   67064ms] [WARNING] Encrypted Media access has been blocked because of a Feature Policy applied to the current document. See https://crbug.com/414348233 for more details. @ https://player-widget.mixcloud.com/assets/index-DFbmkmY8.js:34
[   67068ms] [ERROR] Permissions policy violation: encrypted-media is not allowed in this document. @ https://player-widget.mixcloud.com/assets/index-DFbmkmY8.js:34
[   67068ms] [WARNING] Encrypted Media access has been blocked because of a Feature Policy applied to the current document. See https://crbug.com/414348233 for more details. @ https://player-widget.mixcloud.com/assets/index-DFbmkmY8.js:34
[   67068ms] [ERROR] Permissions policy violation: encrypted-media is not allowed in this document. @ https://player-widget.mixcloud.com/assets/index-DFbmkmY8.js:34
[   67068ms] [WARNING] Encrypted Media access has been blocked because of a Feature Policy applied to the current document. See https://crbug.com/414348233 for more details. @ https://player-widget.mixcloud.com/assets/index-DFbmkmY8.js:34
[   67068ms] [ERROR] Permissions policy violation: encrypted-media is not allowed in this document. @ https://player-widget.mixcloud.com/assets/index-DFbmkmY8.js:34
[   67068ms] [WARNING] Encrypted Media access has been blocked because of a Feature Policy applied to the current document. See https://crbug.com/414348233 for more details. @ https://player-widget.mixcloud.com/assets/index-DFbmkmY8.js:34
[   67071ms] [ERROR] Permissions policy violation: encrypted-media is not allowed in this document. @ https://player-widget.mixcloud.com/assets/index-DFbmkmY8.js:34
[   67071ms] [WARNING] Encrypted Media access has been blocked because of a Feature Policy applied to the current document. See https://crbug.com/414348233 for more details. @ https://player-widget.mixcloud.com/assets/index-DFbmkmY8.js:34
[   67071ms] [ERROR] Permissions policy violation: encrypted-media is not allowed in this document. @ https://player-widget.mixcloud.com/assets/index-DFbmkmY8.js:34
[   67071ms] [WARNING] Encrypted Media access has been blocked because of a Feature Policy applied to the current document. See https://crbug.com/414348233 for more details. @ https://player-widget.mixcloud.com/assets/index-DFbmkmY8.js:34
[   67071ms] [ERROR] Permissions policy violation: encrypted-media is not allowed in this document. @ https://player-widget.mixcloud.com/assets/index-DFbmkmY8.js:34
[   67071ms] [WARNING] Encrypted Media access has been blocked because of a Feature Policy applied to the current document. See https://crbug.com/414348233 for more details. @ https://player-widget.mixcloud.com/assets/index-DFbmkmY8.js:34
[   67075ms] [ERROR] Permissions policy violation: encrypted-media is not allowed in this document. @ https://player-widget.mixcloud.com/assets/index-DFbmkmY8.js:34
[   67075ms] [WARNING] Encrypted Media access has been blocked because of a Feature Policy applied to the current document. See https://crbug.com/414348233 for more details. @ https://player-widget.mixcloud.com/assets/index-DFbmkmY8.js:34
[   67075ms] [ERROR] Permissions policy violation: encrypted-media is not allowed in this document. @ https://player-widget.mixcloud.com/assets/index-DFbmkmY8.js:34
[   67075ms] [WARNING] Encrypted Media access has been blocked because of a Feature Policy applied to the current document. See https://crbug.com/414348233 for more details. @ https://player-widget.mixcloud.com/assets/index-DFbmkmY8.js:34
[   67075ms] [ERROR] Permissions policy violation: encrypted-media is not allowed in this document. @ https://player-widget.mixcloud.com/assets/index-DFbmkmY8.js:34
[   67075ms] [WARNING] Encrypted Media access has been blocked because of a Feature Policy applied to the current document. See https://crbug.com/414348233 for more details. @ https://player-widget.mixcloud.com/assets/index-DFbmkmY8.js:34
[   67079ms] [ERROR] Permissions policy violation: encrypted-media is not allowed in this document. @ https://player-widget.mixcloud.com/assets/index-DFbmkmY8.js:34
[   67079ms] [WARNING] Encrypted Media access has been blocked because of a Feature Policy applied to the current document. See https://crbug.com/414348233 for more details. @ https://player-widget.mixcloud.com/assets/index-DFbmkmY8.js:34
[   67079ms] [ERROR] Permissions policy violation: encrypted-media is not allowed in this document. @ https://player-widget.mixcloud.com/assets/index-DFbmkmY8.js:34
[   67079ms] [WARNING] Encrypted Media access has been blocked because of a Feature Policy applied to the current document. See https://crbug.com/414348233 for more details. @ https://player-widget.mixcloud.com/assets/index-DFbmkmY8.js:34
[   67079ms] [ERROR] Permissions policy violation: encrypted-media is not allowed in this document. @ https://player-widget.mixcloud.com/assets/index-DFbmkmY8.js:34
[   67079ms] [WARNING] Encrypted Media access has been blocked because of a Feature Policy applied to the current document. See https://crbug.com/414348233 for more details. @ https://player-widget.mixcloud.com/assets/index-DFbmkmY8.js:34
[   67085ms] [ERROR] Permissions policy violation: encrypted-media is not allowed in this document. @ https://player-widget.mixcloud.com/assets/index-DFbmkmY8.js:34
[   67085ms] [WARNING] Encrypted Media access has been blocked because of a Feature Policy applied to the current document. See https://crbug.com/414348233 for more details. @ https://player-widget.mixcloud.com/assets/index-DFbmkmY8.js:34
[   67085ms] [ERROR] Permissions policy violation: encrypted-media is not allowed in this document. @ https://player-widget.mixcloud.com/assets/index-DFbmkmY8.js:34
[   67085ms] [WARNING] Encrypted Media access has been blocked because of a Feature Policy applied to the current document. See https://crbug.com/414348233 for more details. @ https://player-widget.mixcloud.com/assets/index-DFbmkmY8.js:34
[   67085ms] [ERROR] Permissions policy violation: encrypted-media is not allowed in this document. @ https://player-widget.mixcloud.com/assets/index-DFbmkmY8.js:34
[   67085ms] [WARNING] Encrypted Media access has been blocked because of a Feature Policy applied to the current document. See https://crbug.com/414348233 for more details. @ https://player-widget.mixcloud.com/assets/index-DFbmkmY8.js:34
[   67089ms] [ERROR] Failed to load resource: the server responded with a status of 404 () @ https://player-widget.mixcloud.com/mix-D-rK8BlV-MixcloudWordmarkLogo.svg#use-href-target:0
[   67093ms] [ERROR] Permissions policy violation: encrypted-media is not allowed in this document. @ https://player-widget.mixcloud.com/assets/index-DFbmkmY8.js:34
[   67093ms] [WARNING] Encrypted Media access has been blocked because of a Feature Policy applied to the current document. See https://crbug.com/414348233 for more details. @ https://player-widget.mixcloud.com/assets/index-DFbmkmY8.js:34
[   67093ms] [ERROR] Permissions policy violation: encrypted-media is not allowed in this document. @ https://player-widget.mixcloud.com/assets/index-DFbmkmY8.js:34
[   67093ms] [WARNING] Encrypted Media access has been blocked because of a Feature Policy applied to the current document. See https://crbug.com/414348233 for more details. @ https://player-widget.mixcloud.com/assets/index-DFbmkmY8.js:34
[   67093ms] [ERROR] Permissions policy violation: encrypted-media is not allowed in this document. @ https://player-widget.mixcloud.com/assets/index-DFbmkmY8.js:34
[   67093ms] [WARNING] Encrypted Media access has been blocked because of a Feature Policy applied to the current document. See https://crbug.com/414348233 for more details. @ https://player-widget.mixcloud.com/assets/index-DFbmkmY8.js:34
[   67097ms] [ERROR] Permissions policy violation: encrypted-media is not allowed in this document. @ https://player-widget.mixcloud.com/assets/index-DFbmkmY8.js:34
[   67097ms] [WARNING] Encrypted Media access has been blocked because of a Feature Policy applied to the current document. See https://crbug.com/414348233 for more details. @ https://player-widget.mixcloud.com/assets/index-DFbmkmY8.js:34
[   67097ms] [ERROR] Permissions policy violation: encrypted-media is not allowed in this document. @ https://player-widget.mixcloud.com/assets/index-DFbmkmY8.js:34
[   67097ms] [WARNING] Encrypted Media access has been blocked because of a Feature Policy applied to the current document. See https://crbug.com/414348233 for more details. @ https://player-widget.mixcloud.com/assets/index-DFbmkmY8.js:34
[   67097ms] [ERROR] Permissions policy violation: encrypted-media is not allowed in this document. @ https://player-widget.mixcloud.com/assets/index-DFbmkmY8.js:34
[   67097ms] [WARNING] Encrypted Media access has been blocked because of a Feature Policy applied to the current document. See https://crbug.com/414348233 for more details. @ https://player-widget.mixcloud.com/assets/index-DFbmkmY8.js:34
[   67133ms] [ERROR] Failed to load resource: the server responded with a status of 404 () @ https://player-widget.mixcloud.com/mix-D-rK8BlV-MixcloudWordmarkLogo.svg#use-href-target:0
[   67173ms] [ERROR] Failed to load resource: the server responded with a status of 404 () @ https://player-widget.mixcloud.com/mix-D-rK8BlV-MixcloudWordmarkLogo.svg#use-href-target:0
[   68028ms] [ERROR] Permissions policy violation: encrypted-media is not allowed in this document. @ https://player-widget.mixcloud.com/assets/index-DFbmkmY8.js:34
[   68028ms] [WARNING] Encrypted Media access has been blocked because of a Feature Policy applied to the current document. See https://crbug.com/414348233 for more details. @ https://player-widget.mixcloud.com/assets/index-DFbmkmY8.js:34
[   68028ms] [ERROR] Permissions policy violation: encrypted-media is not allowed in this document. @ https://player-widget.mixcloud.com/assets/index-DFbmkmY8.js:34
[   68028ms] [WARNING] Encrypted Media access has been blocked because of a Feature Policy applied to the current document. See https://crbug.com/414348233 for more details. @ https://player-widget.mixcloud.com/assets/index-DFbmkmY8.js:34
[   68028ms] [ERROR] Permissions policy violation: encrypted-media is not allowed in this document. @ https://player-widget.mixcloud.com/assets/index-DFbmkmY8.js:34
[   68028ms] [WARNING] Encrypted Media access has been blocked because of a Feature Policy applied to the current document. See https://crbug.com/414348233 for more details. @ https://player-widget.mixcloud.com/assets/index-DFbmkmY8.js:34
[   68031ms] [ERROR] Permissions policy violation: encrypted-media is not allowed in this document. @ https://player-widget.mixcloud.com/assets/index-DFbmkmY8.js:34
[   68031ms] [WARNING] Encrypted Media access has been blocked because of a Feature Policy applied to the current document. See https://crbug.com/414348233 for more details. @ https://player-widget.mixcloud.com/assets/index-DFbmkmY8.js:34
[   68031ms] [ERROR] Permissions policy violation: encrypted-media is not allowed in this document. @ https://player-widget.mixcloud.com/assets/index-DFbmkmY8.js:34
[   68031ms] [WARNING] Encrypted Media access has been blocked because of a Feature Policy applied to the current document. See https://crbug.com/414348233 for more details. @ https://player-widget.mixcloud.com/assets/index-DFbmkmY8.js:34
[   68031ms] [ERROR] Permissions policy violation: encrypted-media is not allowed in this document. @ https://player-widget.mixcloud.com/assets/index-DFbmkmY8.js:34
[   68031ms] [WARNING] Encrypted Media access has been blocked because of a Feature Policy applied to the current document. See https://crbug.com/414348233 for more details. @ https://player-widget.mixcloud.com/assets/index-DFbmkmY8.js:34
[   68056ms] [ERROR] Permissions policy violation: encrypted-media is not allowed in this document. @ https://player-widget.mixcloud.com/assets/index-DFbmkmY8.js:34
[   68056ms] [WARNING] Encrypted Media access has been blocked because of a Feature Policy applied to the current document. See https://crbug.com/414348233 for more details. @ https://player-widget.mixcloud.com/assets/index-DFbmkmY8.js:34
[   68056ms] [ERROR] Permissions policy violation: encrypted-media is not allowed in this document. @ https://player-widget.mixcloud.com/assets/index-DFbmkmY8.js:34
[   68056ms] [WARNING] Encrypted Media access has been blocked because of a Feature Policy applied to the current document. See https://crbug.com/414348233 for more details. @ https://player-widget.mixcloud.com/assets/index-DFbmkmY8.js:34
[   68056ms] [ERROR] Permissions policy violation: encrypted-media is not allowed in this document. @ https://player-widget.mixcloud.com/assets/index-DFbmkmY8.js:34
[   68056ms] [WARNING] Encrypted Media access has been blocked because of a Feature Policy applied to the current document. See https://crbug.com/414348233 for more details. @ https://player-widget.mixcloud.com/assets/index-DFbmkmY8.js:34
[   68064ms] [ERROR] Failed to load resource: the server responded with a status of 404 () @ https://player-widget.mixcloud.com/mix-D-rK8BlV-MixcloudWordmarkLogo.svg#use-href-target:0
[   68102ms] [ERROR] Failed to load resource: the server responded with a status of 404 () @ https://player-widget.mixcloud.com/mix-D-rK8BlV-MixcloudWordmarkLogo.svg#use-href-target:0
[   68190ms] [ERROR] Failed to load resource: the server responded with a status of 404 () @ https://player-widget.mixcloud.com/mix-D-rK8BlV-MixcloudWordmarkLogo.svg#use-href-target:0
[   68213ms] [ERROR] Permissions policy violation: encrypted-media is not allowed in this document. @ https://player-widget.mixcloud.com/assets/index-DFbmkmY8.js:34
[   68213ms] [WARNING] Encrypted Media access has been blocked because of a Feature Policy applied to the current document. See https://crbug.com/414348233 for more details. @ https://player-widget.mixcloud.com/assets/index-DFbmkmY8.js:34
[   68213ms] [ERROR] Permissions policy violation: encrypted-media is not allowed in this document. @ https://player-widget.mixcloud.com/assets/index-DFbmkmY8.js:34
[   68213ms] [WARNING] Encrypted Media access has been blocked because of a Feature Policy applied to the current document. See https://crbug.com/414348233 for more details. @ https://player-widget.mixcloud.com/assets/index-DFbmkmY8.js:34
[   68213ms] [ERROR] Permissions policy violation: encrypted-media is not allowed in this document. @ https://player-widget.mixcloud.com/assets/index-DFbmkmY8.js:34
[   68213ms] [WARNING] Encrypted Media access has been blocked because of a Feature Policy applied to the current document. See https://crbug.com/414348233 for more details. @ https://player-widget.mixcloud.com/assets/index-DFbmkmY8.js:34
[   68246ms] [ERROR] Permissions policy violation: encrypted-media is not allowed in this document. @ https://player-widget.mixcloud.com/assets/index-DFbmkmY8.js:34
[   68246ms] [WARNING] Encrypted Media access has been blocked because of a Feature Policy applied to the current document. See https://crbug.com/414348233 for more details. @ https://player-widget.mixcloud.com/assets/index-DFbmkmY8.js:34
[   68246ms] [ERROR] Permissions policy violation: encrypted-media is not allowed in this document. @ https://player-widget.mixcloud.com/assets/index-DFbmkmY8.js:34
[   68246ms] [WARNING] Encrypted Media access has been blocked because of a Feature Policy applied to the current document. See https://crbug.com/414348233 for more details. @ https://player-widget.mixcloud.com/assets/index-DFbmkmY8.js:34
[   68246ms] [ERROR] Permissions policy violation: encrypted-media is not allowed in this document. @ https://player-widget.mixcloud.com/assets/index-DFbmkmY8.js:34
[   68246ms] [WARNING] Encrypted Media access has been blocked because of a Feature Policy applied to the current document. See https://crbug.com/414348233 for more details. @ https://player-widget.mixcloud.com/assets/index-DFbmkmY8.js:34
[   68247ms] [ERROR] Failed to load resource: the server responded with a status of 404 () @ https://player-widget.mixcloud.com/mix-D-rK8BlV-MixcloudWordmarkLogo.svg#use-href-target:0
[   68353ms] [ERROR] Failed to load resource: the server responded with a status of 404 () @ https://player-widget.mixcloud.com/mix-D-rK8BlV-MixcloudWordmarkLogo.svg#use-href-target:0
[   67060ms] [ERROR] Permissions policy violation: encrypted-media is not allowed in this document. @ https://player-widget.mixcloud.com/assets/index-DFbmkmY8.js:34
[   67060ms] [WARNING] Encrypted Media access has been blocked because of a Feature Policy applied to the current document. See https://crbug.com/414348233 for more details. @ https://player-widget.mixcloud.com/assets/index-DFbmkmY8.js:34
[   67060ms] [ERROR] Permissions policy violation: encrypted-media is not allowed in this document. @ https://player-widget.mixcloud.com/assets/index-DFbmkmY8.js:34
[   67060ms] [WARNING] Encrypted Media access has been blocked because of a Feature Policy applied to the current document. See https://crbug.com/414348233 for more details. @ https://player-widget.mixcloud.com/assets/index-DFbmkmY8.js:34
[   67061ms] [ERROR] Permissions policy violation: encrypted-media is not allowed in this document. @ https://player-widget.mixcloud.com/assets/index-DFbmkmY8.js:34
[   67061ms] [WARNING] Encrypted Media access has been blocked because of a Feature Policy applied to the current document. See https://crbug.com/414348233 for more details. @ https://player-widget.mixcloud.com/assets/index-DFbmkmY8.js:34
[   67064ms] [ERROR] Permissions policy violation: encrypted-media is not allowed in this document. @ https://player-widget.mixcloud.com/assets/index-DFbmkmY8.js:34
[   67064ms] [WARNING] Encrypted Media access has been blocked because of a Feature Policy applied to the current document. See https://crbug.com/414348233 for more details. @ https://player-widget.mixcloud.com/assets/index-DFbmkmY8.js:34
[   67064ms] [ERROR] Permissions policy violation: encrypted-media is not allowed in this document. @ https://player-widget.mixcloud.com/assets/index-DFbmkmY8.js:34
[   67064ms] [WARNING] Encrypted Media access has been blocked because of a Feature Policy applied to the current document. See https://crbug.com/414348233 for more details. @ https://player-widget.mixcloud.com/assets/index-DFbmkmY8.js:34
[   67064ms] [ERROR] Permissions policy violation: encrypted-media is not allowed in this document. @ https://player-widget.mixcloud.com/assets/index-DFbmkmY8.js:34
[   67064ms] [WARNING] Encrypted Media access has been blocked because of a Feature Policy applied to the current document. See https://crbug.com/414348233 for more details. @ https://player-widget.mixcloud.com/assets/index-DFbmkmY8.js:34
[   67068ms] [ERROR] Permissions policy violation: encrypted-media is not allowed in this document. @ https://player-widget.mixcloud.com/assets/index-DFbmkmY8.js:34
[   67068ms] [WARNING] Encrypted Media access has been blocked because of a Feature Policy applied to the current document. See https://crbug.com/414348233 for more details. @ https://player-widget.mixcloud.com/assets/index-DFbmkmY8.js:34
[   67068ms] [ERROR] Permissions policy violation: encrypted-media is not allowed in this document. @ https://player-widget.mixcloud.com/assets/index-DFbmkmY8.js:34
[   67068ms] [WARNING] Encrypted Media access has been blocked because of a Feature Policy applied to the current document. See https://crbug.com/414348233 for more details. @ https://player-widget.mixcloud.com/assets/index-DFbmkmY8.js:34
[   67068ms] [ERROR] Permissions policy violation: encrypted-media is not allowed in this document. @ https://player-widget.mixcloud.com/assets/index-DFbmkmY8.js:34
[   67068ms] [WARNING] Encrypted Media access has been blocked because of a Feature Policy applied to the current document. See https://crbug.com/414348233 for more details. @ https://player-widget.mixcloud.com/assets/index-DFbmkmY8.js:34
[   67071ms] [ERROR] Permissions policy violation: encrypted-media is not allowed in this document. @ https://player-widget.mixcloud.com/assets/index-DFbmkmY8.js:34
[   67071ms] [WARNING] Encrypted Media access has been blocked because of a Feature Policy applied to the current document. See https://crbug.com/414348233 for more details. @ https://player-widget.mixcloud.com/assets/index-DFbmkmY8.js:34
[   67071ms] [ERROR] Permissions policy violation: encrypted-media is not allowed in this document. @ https://player-widget.mixcloud.com/assets/index-DFbmkmY8.js:34
[   67071ms] [WARNING] Encrypted Media access has been blocked because of a Feature Policy applied to the current document. See https://crbug.com/414348233 for more details. @ https://player-widget.mixcloud.com/assets/index-DFbmkmY8.js:34
[   67071ms] [ERROR] Permissions policy violation: encrypted-media is not allowed in this document. @ https://player-widget.mixcloud.com/assets/index-DFbmkmY8.js:34
[   67071ms] [WARNING] Encrypted Media access has been blocked because of a Feature Policy applied to the current document. See https://crbug.com/414348233 for more details. @ https://player-widget.mixcloud.com/assets/index-DFbmkmY8.js:34
[   67075ms] [ERROR] Permissions policy violation: encrypted-media is not allowed in this document. @ https://player-widget.mixcloud.com/assets/index-DFbmkmY8.js:34
[   67075ms] [WARNING] Encrypted Media access has been blocked because of a Feature Policy applied to the current document. See https://crbug.com/414348233 for more details. @ https://player-widget.mixcloud.com/assets/index-DFbmkmY8.js:34
[   67075ms] [ERROR] Permissions policy violation: encrypted-media is not allowed in this document. @ https://player-widget.mixcloud.com/assets/index-DFbmkmY8.js:34
[   67075ms] [WARNING] Encrypted Media access has been blocked because of a Feature Policy applied to the current document. See https://crbug.com/414348233 for more details. @ https://player-widget.mixcloud.com/assets/index-DFbmkmY8.js:34
[   67075ms] [ERROR] Permissions policy violation: encrypted-media is not allowed in this document. @ https://player-widget.mixcloud.com/assets/index-DFbmkmY8.js:34
[   67075ms] [WARNING] Encrypted Media access has been blocked because of a Feature Policy applied to the current document. See https://crbug.com/414348233 for more details. @ https://player-widget.mixcloud.com/assets/index-DFbmkmY8.js:34
[   67079ms] [ERROR] Permissions policy violation: encrypted-media is not allowed in this document. @ https://player-widget.mixcloud.com/assets/index-DFbmkmY8.js:34
[   67079ms] [WARNING] Encrypted Media access has been blocked because of a Feature Policy applied to the current document. See https://crbug.com/414348233 for more details. @ https://player-widget.mixcloud.com/assets/index-DFbmkmY8.js:34
[   67079ms] [ERROR] Permissions policy violation: encrypted-media is not allowed in this document. @ https://player-widget.mixcloud.com/assets/index-DFbmkmY8.js:34
[   67079ms] [WARNING] Encrypted Media access has been blocked because of a Feature Policy applied to the current document. See https://crbug.com/414348233 for more details. @ https://player-widget.mixcloud.com/assets/index-DFbmkmY8.js:34
[   67079ms] [ERROR] Permissions policy violation: encrypted-media is not allowed in this document. @ https://player-widget.mixcloud.com/assets/index-DFbmkmY8.js:34
[   67079ms] [WARNING] Encrypted Media access has been blocked because of a Feature Policy applied to the current document. See https://crbug.com/414348233 for more details. @ https://player-widget.mixcloud.com/assets/index-DFbmkmY8.js:34
[   67085ms] [ERROR] Permissions policy violation: encrypted-media is not allowed in this document. @ https://player-widget.mixcloud.com/assets/index-DFbmkmY8.js:34
[   67085ms] [WARNING] Encrypted Media access has been blocked because of a Feature Policy applied to the current document. See https://crbug.com/414348233 for more details. @ https://player-widget.mixcloud.com/assets/index-DFbmkmY8.js:34
[   67085ms] [ERROR] Permissions policy violation: encrypted-media is not allowed in this document. @ https://player-widget.mixcloud.com/assets/index-DFbmkmY8.js:34
[   67085ms] [WARNING] Encrypted Media access has been blocked because of a Feature Policy applied to the current document. See https://crbug.com/414348233 for more details. @ https://player-widget.mixcloud.com/assets/index-DFbmkmY8.js:34
[   67085ms] [ERROR] Permissions policy violation: encrypted-media is not allowed in this document. @ https://player-widget.mixcloud.com/assets/index-DFbmkmY8.js:34
[   67085ms] [WARNING] Encrypted Media access has been blocked because of a Feature Policy applied to the current document. See https://crbug.com/414348233 for more details. @ https://player-widget.mixcloud.com/assets/index-DFbmkmY8.js:34
[   67089ms] [ERROR] Failed to load resource: the server responded with a status of 404 () @ https://player-widget.mixcloud.com/mix-D-rK8BlV-MixcloudWordmarkLogo.svg#use-href-target:0
[   67093ms] [ERROR] Permissions policy violation: encrypted-media is not allowed in this document. @ https://player-widget.mixcloud.com/assets/index-DFbmkmY8.js:34
[   67093ms] [WARNING] Encrypted Media access has been blocked because of a Feature Policy applied to the current document. See https://crbug.com/414348233 for more details. @ https://player-widget.mixcloud.com/assets/index-DFbmkmY8.js:34
[   67093ms] [ERROR] Permissions policy violation: encrypted-media is not allowed in this document. @ https://player-widget.mixcloud.com/assets/index-DFbmkmY8.js:34
[   67093ms] [WARNING] Encrypted Media access has been blocked because of a Feature Policy applied to the current document. See https://crbug.com/414348233 for more details. @ https://player-widget.mixcloud.com/assets/index-DFbmkmY8.js:34
[   67093ms] [ERROR] Permissions policy violation: encrypted-media is not allowed in this document. @ https://player-widget.mixcloud.com/assets/index-DFbmkmY8.js:34
[   67093ms] [WARNING] Encrypted Media access has been blocked because of a Feature Policy applied to the current document. See https://crbug.com/414348233 for more details. @ https://player-widget.mixcloud.com/assets/index-DFbmkmY8.js:34
[   67097ms] [ERROR] Permissions policy violation: encrypted-media is not allowed in this document. @ https://player-widget.mixcloud.com/assets/index-DFbmkmY8.js:34
[   67097ms] [WARNING] Encrypted Media access has been blocked because of a Feature Policy applied to the current document. See https://crbug.com/414348233 for more details. @ https://player-widget.mixcloud.com/assets/index-DFbmkmY8.js:34
[   67097ms] [ERROR] Permissions policy violation: encrypted-media is not allowed in this document. @ https://player-widget.mixcloud.com/assets/index-DFbmkmY8.js:34
[   67097ms] [WARNING] Encrypted Media access has been blocked because of a Feature Policy applied to the current document. See https://crbug.com/414348233 for more details. @ https://player-widget.mixcloud.com/assets/index-DFbmkmY8.js:34
[   67097ms] [ERROR] Permissions policy violation: encrypted-media is not allowed in this document. @ https://player-widget.mixcloud.com/assets/index-DFbmkmY8.js:34
[   67097ms] [WARNING] Encrypted Media access has been blocked because of a Feature Policy applied to the current document. See https://crbug.com/414348233 for more details. @ https://player-widget.mixcloud.com/assets/index-DFbmkmY8.js:34
[   67133ms] [ERROR] Failed to load resource: the server responded with a status of 404 () @ https://player-widget.mixcloud.com/mix-D-rK8BlV-MixcloudWordmarkLogo.svg#use-href-target:0
[   67173ms] [ERROR] Failed to load resource: the server responded with a status of 404 () @ https://player-widget.mixcloud.com/mix-D-rK8BlV-MixcloudWordmarkLogo.svg#use-href-target:0
[   68028ms] [ERROR] Permissions policy violation: encrypted-media is not allowed in this document. @ https://player-widget.mixcloud.com/assets/index-DFbmkmY8.js:34
[   68028ms] [WARNING] Encrypted Media access has been blocked because of a Feature Policy applied to the current document. See https://crbug.com/414348233 for more details. @ https://player-widget.mixcloud.com/assets/index-DFbmkmY8.js:34
[   68028ms] [ERROR] Permissions policy violation: encrypted-media is not allowed in this document. @ https://player-widget.mixcloud.com/assets/index-DFbmkmY8.js:34
[   68028ms] [WARNING] Encrypted Media access has been blocked because of a Feature Policy applied to the current document. See https://crbug.com/414348233 for more details. @ https://player-widget.mixcloud.com/assets/index-DFbmkmY8.js:34
[   68028ms] [ERROR] Permissions policy violation: encrypted-media is not allowed in this document. @ https://player-widget.mixcloud.com/assets/index-DFbmkmY8.js:34
[   68028ms] [WARNING] Encrypted Media access has been blocked because of a Feature Policy applied to the current document. See https://crbug.com/414348233 for more details. @ https://player-widget.mixcloud.com/assets/index-DFbmkmY8.js:34
[   68031ms] [ERROR] Permissions policy violation: encrypted-media is not allowed in this document. @ https://player-widget.mixcloud.com/assets/index-DFbmkmY8.js:34
[   68031ms] [WARNING] Encrypted Media access has been blocked because of a Feature Policy applied to the current document. See https://crbug.com/414348233 for more details. @ https://player-widget.mixcloud.com/assets/index-DFbmkmY8.js:34
[   68031ms] [ERROR] Permissions policy violation: encrypted-media is not allowed in this document. @ https://player-widget.mixcloud.com/assets/index-DFbmkmY8.js:34
[   68031ms] [WARNING] Encrypted Media access has been blocked because of a Feature Policy applied to the current document. See https://crbug.com/414348233 for more details. @ https://player-widget.mixcloud.com/assets/index-DFbmkmY8.js:34
[   68031ms] [ERROR] Permissions policy violation: encrypted-media is not allowed in this document. @ https://player-widget.mixcloud.com/assets/index-DFbmkmY8.js:34
[   68031ms] [WARNING] Encrypted Media access has been blocked because of a Feature Policy applied to the current document. See https://crbug.com/414348233 for more details. @ https://player-widget.mixcloud.com/assets/index-DFbmkmY8.js:34
[   68056ms] [ERROR] Permissions policy violation: encrypted-media is not allowed in this document. @ https://player-widget.mixcloud.com/assets/index-DFbmkmY8.js:34
[   68056ms] [WARNING] Encrypted Media access has been blocked because of a Feature Policy applied to the current document. See https://crbug.com/414348233 for more details. @ https://player-widget.mixcloud.com/assets/index-DFbmkmY8.js:34
[   68056ms] [ERROR] Permissions policy violation: encrypted-media is not allowed in this document. @ https://player-widget.mixcloud.com/assets/index-DFbmkmY8.js:34
[   68056ms] [WARNING] Encrypted Media access has been blocked because of a Feature Policy applied to the current document. See https://crbug.com/414348233 for more details. @ https://player-widget.mixcloud.com/assets/index-DFbmkmY8.js:34
[   68056ms] [ERROR] Permissions policy violation: encrypted-media is not allowed in this document. @ https://player-widget.mixcloud.com/assets/index-DFbmkmY8.js:34
[   68056ms] [WARNING] Encrypted Media access has been blocked because of a Feature Policy applied to the current document. See https://crbug.com/414348233 for more details. @ https://player-widget.mixcloud.com/assets/index-DFbmkmY8.js:34
[   68064ms] [ERROR] Failed to load resource: the server responded with a status of 404 () @ https://player-widget.mixcloud.com/mix-D-rK8BlV-MixcloudWordmarkLogo.svg#use-href-target:0
[   68102ms] [ERROR] Failed to load resource: the server responded with a status of 404 () @ https://player-widget.mixcloud.com/mix-D-rK8BlV-MixcloudWordmarkLogo.svg#use-href-target:0
[   68190ms] [ERROR] Failed to load resource: the server responded with a status of 404 () @ https://player-widget.mixcloud.com/mix-D-rK8BlV-MixcloudWordmarkLogo.svg#use-href-target:0
[   68213ms] [ERROR] Permissions policy violation: encrypted-media is not allowed in this document. @ https://player-widget.mixcloud.com/assets/index-DFbmkmY8.js:34
[   68213ms] [WARNING] Encrypted Media access has been blocked because of a Feature Policy applied to the current document. See https://crbug.com/414348233 for more details. @ https://player-widget.mixcloud.com/assets/index-DFbmkmY8.js:34
[   68213ms] [ERROR] Permissions policy violation: encrypted-media is not allowed in this document. @ https://player-widget.mixcloud.com/assets/index-DFbmkmY8.js:34
[   68213ms] [WARNING] Encrypted Media access has been blocked because of a Feature Policy applied to the current document. See https://crbug.com/414348233 for more details. @ https://player-widget.mixcloud.com/assets/index-DFbmkmY8.js:34
[   68213ms] [ERROR] Permissions policy violation: encrypted-media is not allowed in this document. @ https://player-widget.mixcloud.com/assets/index-DFbmkmY8.js:34
[   68213ms] [WARNING] Encrypted Media access has been blocked because of a Feature Policy applied to the current document. See https://crbug.com/414348233 for more details. @ https://player-widget.mixcloud.com/assets/index-DFbmkmY8.js:34
[   68246ms] [ERROR] Permissions policy violation: encrypted-media is not allowed in this document. @ https://player-widget.mixcloud.com/assets/index-DFbmkmY8.js:34
[   68246ms] [WARNING] Encrypted Media access has been blocked because of a Feature Policy applied to the current document. See https://crbug.com/414348233 for more details. @ https://player-widget.mixcloud.com/assets/index-DFbmkmY8.js:34
[   68246ms] [ERROR] Permissions policy violation: encrypted-media is not allowed in this document. @ https://player-widget.mixcloud.com/assets/index-DFbmkmY8.js:34
[   68246ms] [WARNING] Encrypted Media access has been blocked because of a Feature Policy applied to the current document. See https://crbug.com/414348233 for more details. @ https://player-widget.mixcloud.com/assets/index-DFbmkmY8.js:34
[   68246ms] [ERROR] Permissions policy violation: encrypted-media is not allowed in this document. @ https://player-widget.mixcloud.com/assets/index-DFbmkmY8.js:34
[   68246ms] [WARNING] Encrypted Media access has been blocked because of a Feature Policy applied to the current document. See https://crbug.com/414348233 for more details. @ https://player-widget.mixcloud.com/assets/index-DFbmkmY8.js:34
[   68247ms] [ERROR] Failed to load resource: the server responded with a status of 404 () @ https://player-widget.mixcloud.com/mix-D-rK8BlV-MixcloudWordmarkLogo.svg#use-href-target:0
[   68353ms] [ERROR] Failed to load resource: the server responded with a status of 404 () @ https://player-widget.mixcloud.com/mix-D-rK8BlV-MixcloudWordmarkLogo.svg#use-href-target:0
[   68583ms] [ERROR] Permissions policy violation: encrypted-media is not allowed in this document. @ https://player-widget.mixcloud.com/assets/index-DFbmkmY8.js:34
[   68583ms] [WARNING] Encrypted Media access has been blocked because of a Feature Policy applied to the current document. See https://crbug.com/414348233 for more details. @ https://player-widget.mixcloud.com/assets/index-DFbmkmY8.js:34
[   68583ms] [ERROR] Permissions policy violation: encrypted-media is not allowed in this document. @ https://player-widget.mixcloud.com/assets/index-DFbmkmY8.js:34
[   68583ms] [WARNING] Encrypted Media access has been blocked because of a Feature Policy applied to the current document. See https://crbug.com/414348233 for more details. @ https://player-widget.mixcloud.com/assets/index-DFbmkmY8.js:34
[   68583ms] [ERROR] Permissions policy violation: encrypted-media is not allowed in this document. @ https://player-widget.mixcloud.com/assets/index-DFbmkmY8.js:34
[   68583ms] [WARNING] Encrypted Media access has been blocked because of a Feature Policy applied to the current document. See https://crbug.com/414348233 for more details. @ https://player-widget.mixcloud.com/assets/index-DFbmkmY8.js:34
[   67060ms] [ERROR] Permissions policy violation: encrypted-media is not allowed in this document. @ https://player-widget.mixcloud.com/assets/index-DFbmkmY8.js:34
[   67060ms] [WARNING] Encrypted Media access has been blocked because of a Feature Policy applied to the current document. See https://crbug.com/414348233 for more details. @ https://player-widget.mixcloud.com/assets/index-DFbmkmY8.js:34
[   67060ms] [ERROR] Permissions policy violation: encrypted-media is not allowed in this document. @ https://player-widget.mixcloud.com/assets/index-DFbmkmY8.js:34
[   67060ms] [WARNING] Encrypted Media access has been blocked because of a Feature Policy applied to the current document. See https://crbug.com/414348233 for more details. @ https://player-widget.mixcloud.com/assets/index-DFbmkmY8.js:34
[   67061ms] [ERROR] Permissions policy violation: encrypted-media is not allowed in this document. @ https://player-widget.mixcloud.com/assets/index-DFbmkmY8.js:34
[   67061ms] [WARNING] Encrypted Media access has been blocked because of a Feature Policy applied to the current document. See https://crbug.com/414348233 for more details. @ https://player-widget.mixcloud.com/assets/index-DFbmkmY8.js:34
[   67064ms] [ERROR] Permissions policy violation: encrypted-media is not allowed in this document. @ https://player-widget.mixcloud.com/assets/index-DFbmkmY8.js:34
[   67064ms] [WARNING] Encrypted Media access has been blocked because of a Feature Policy applied to the current document. See https://crbug.com/414348233 for more details. @ https://player-widget.mixcloud.com/assets/index-DFbmkmY8.js:34
[   67064ms] [ERROR] Permissions policy violation: encrypted-media is not allowed in this document. @ https://player-widget.mixcloud.com/assets/index-DFbmkmY8.js:34
[   67064ms] [WARNING] Encrypted Media access has been blocked because of a Feature Policy applied to the current document. See https://crbug.com/414348233 for more details. @ https://player-widget.mixcloud.com/assets/index-DFbmkmY8.js:34
[   67064ms] [ERROR] Permissions policy violation: encrypted-media is not allowed in this document. @ https://player-widget.mixcloud.com/assets/index-DFbmkmY8.js:34
[   67064ms] [WARNING] Encrypted Media access has been blocked because of a Feature Policy applied to the current document. See https://crbug.com/414348233 for more details. @ https://player-widget.mixcloud.com/assets/index-DFbmkmY8.js:34
[   67068ms] [ERROR] Permissions policy violation: encrypted-media is not allowed in this document. @ https://player-widget.mixcloud.com/assets/index-DFbmkmY8.js:34
[   67068ms] [WARNING] Encrypted Media access has been blocked because of a Feature Policy applied to the current document. See https://crbug.com/414348233 for more details. @ https://player-widget.mixcloud.com/assets/index-DFbmkmY8.js:34
[   67068ms] [ERROR] Permissions policy violation: encrypted-media is not allowed in this document. @ https://player-widget.mixcloud.com/assets/index-DFbmkmY8.js:34
[   67068ms] [WARNING] Encrypted Media access has been blocked because of a Feature Policy applied to the current document. See https://crbug.com/414348233 for more details. @ https://player-widget.mixcloud.com/assets/index-DFbmkmY8.js:34
[   67068ms] [ERROR] Permissions policy violation: encrypted-media is not allowed in this document. @ https://player-widget.mixcloud.com/assets/index-DFbmkmY8.js:34
[   67068ms] [WARNING] Encrypted Media access has been blocked because of a Feature Policy applied to the current document. See https://crbug.com/414348233 for more details. @ https://player-widget.mixcloud.com/assets/index-DFbmkmY8.js:34
[   67071ms] [ERROR] Permissions policy violation: encrypted-media is not allowed in this document. @ https://player-widget.mixcloud.com/assets/index-DFbmkmY8.js:34
[   67071ms] [WARNING] Encrypted Media access has been blocked because of a Feature Policy applied to the current document. See https://crbug.com/414348233 for more details. @ https://player-widget.mixcloud.com/assets/index-DFbmkmY8.js:34
[   67071ms] [ERROR] Permissions policy violation: encrypted-media is not allowed in this document. @ https://player-widget.mixcloud.com/assets/index-DFbmkmY8.js:34
[   67071ms] [WARNING] Encrypted Media access has been blocked because of a Feature Policy applied to the current document. See https://crbug.com/414348233 for more details. @ https://player-widget.mixcloud.com/assets/index-DFbmkmY8.js:34
[   67071ms] [ERROR] Permissions policy violation: encrypted-media is not allowed in this document. @ https://player-widget.mixcloud.com/assets/index-DFbmkmY8.js:34
[   67071ms] [WARNING] Encrypted Media access has been blocked because of a Feature Policy applied to the current document. See https://crbug.com/414348233 for more details. @ https://player-widget.mixcloud.com/assets/index-DFbmkmY8.js:34
[   67075ms] [ERROR] Permissions policy violation: encrypted-media is not allowed in this document. @ https://player-widget.mixcloud.com/assets/index-DFbmkmY8.js:34
[   67075ms] [WARNING] Encrypted Media access has been blocked because of a Feature Policy applied to the current document. See https://crbug.com/414348233 for more details. @ https://player-widget.mixcloud.com/assets/index-DFbmkmY8.js:34
[   67075ms] [ERROR] Permissions policy violation: encrypted-media is not allowed in this document. @ https://player-widget.mixcloud.com/assets/index-DFbmkmY8.js:34
[   67075ms] [WARNING] Encrypted Media access has been blocked because of a Feature Policy applied to the current document. See https://crbug.com/414348233 for more details. @ https://player-widget.mixcloud.com/assets/index-DFbmkmY8.js:34
[   67075ms] [ERROR] Permissions policy violation: encrypted-media is not allowed in this document. @ https://player-widget.mixcloud.com/assets/index-DFbmkmY8.js:34
[   67075ms] [WARNING] Encrypted Media access has been blocked because of a Feature Policy applied to the current document. See https://crbug.com/414348233 for more details. @ https://player-widget.mixcloud.com/assets/index-DFbmkmY8.js:34
[   67079ms] [ERROR] Permissions policy violation: encrypted-media is not allowed in this document. @ https://player-widget.mixcloud.com/assets/index-DFbmkmY8.js:34
[   67079ms] [WARNING] Encrypted Media access has been blocked because of a Feature Policy applied to the current document. See https://crbug.com/414348233 for more details. @ https://player-widget.mixcloud.com/assets/index-DFbmkmY8.js:34
[   67079ms] [ERROR] Permissions policy violation: encrypted-media is not allowed in this document. @ https://player-widget.mixcloud.com/assets/index-DFbmkmY8.js:34
[   67079ms] [WARNING] Encrypted Media access has been blocked because of a Feature Policy applied to the current document. See https://crbug.com/414348233 for more details. @ https://player-widget.mixcloud.com/assets/index-DFbmkmY8.js:34
[   67079ms] [ERROR] Permissions policy violation: encrypted-media is not allowed in this document. @ https://player-widget.mixcloud.com/assets/index-DFbmkmY8.js:34
[   67079ms] [WARNING] Encrypted Media access has been blocked because of a Feature Policy applied to the current document. See https://crbug.com/414348233 for more details. @ https://player-widget.mixcloud.com/assets/index-DFbmkmY8.js:34
[   67085ms] [ERROR] Permissions policy violation: encrypted-media is not allowed in this document. @ https://player-widget.mixcloud.com/assets/index-DFbmkmY8.js:34
[   67085ms] [WARNING] Encrypted Media access has been blocked because of a Feature Policy applied to the current document. See https://crbug.com/414348233 for more details. @ https://player-widget.mixcloud.com/assets/index-DFbmkmY8.js:34
[   67085ms] [ERROR] Permissions policy violation: encrypted-media is not allowed in this document. @ https://player-widget.mixcloud.com/assets/index-DFbmkmY8.js:34
[   67085ms] [WARNING] Encrypted Media access has been blocked because of a Feature Policy applied to the current document. See https://crbug.com/414348233 for more details. @ https://player-widget.mixcloud.com/assets/index-DFbmkmY8.js:34
[   67085ms] [ERROR] Permissions policy violation: encrypted-media is not allowed in this document. @ https://player-widget.mixcloud.com/assets/index-DFbmkmY8.js:34
[   67085ms] [WARNING] Encrypted Media access has been blocked because of a Feature Policy applied to the current document. See https://crbug.com/414348233 for more details. @ https://player-widget.mixcloud.com/assets/index-DFbmkmY8.js:34
[   67089ms] [ERROR] Failed to load resource: the server responded with a status of 404 () @ https://player-widget.mixcloud.com/mix-D-rK8BlV-MixcloudWordmarkLogo.svg#use-href-target:0
[   67093ms] [ERROR] Permissions policy violation: encrypted-media is not allowed in this document. @ https://player-widget.mixcloud.com/assets/index-DFbmkmY8.js:34
[   67093ms] [WARNING] Encrypted Media access has been blocked because of a Feature Policy applied to the current document. See https://crbug.com/414348233 for more details. @ https://player-widget.mixcloud.com/assets/index-DFbmkmY8.js:34
[   67093ms] [ERROR] Permissions policy violation: encrypted-media is not allowed in this document. @ https://player-widget.mixcloud.com/assets/index-DFbmkmY8.js:34
[   67093ms] [WARNING] Encrypted Media access has been blocked because of a Feature Policy applied to the current document. See https://crbug.com/414348233 for more details. @ https://player-widget.mixcloud.com/assets/index-DFbmkmY8.js:34
[   67093ms] [ERROR] Permissions policy violation: encrypted-media is not allowed in this document. @ https://player-widget.mixcloud.com/assets/index-DFbmkmY8.js:34
[   67093ms] [WARNING] Encrypted Media access has been blocked because of a Feature Policy applied to the current document. See https://crbug.com/414348233 for more details. @ https://player-widget.mixcloud.com/assets/index-DFbmkmY8.js:34
[   67097ms] [ERROR] Permissions policy violation: encrypted-media is not allowed in this document. @ https://player-widget.mixcloud.com/assets/index-DFbmkmY8.js:34
[   67097ms] [WARNING] Encrypted Media access has been blocked because of a Feature Policy applied to the current document. See https://crbug.com/414348233 for more details. @ https://player-widget.mixcloud.com/assets/index-DFbmkmY8.js:34
[   67097ms] [ERROR] Permissions policy violation: encrypted-media is not allowed in this document. @ https://player-widget.mixcloud.com/assets/index-DFbmkmY8.js:34
[   67097ms] [WARNING] Encrypted Media access has been blocked because of a Feature Policy applied to the current document. See https://crbug.com/414348233 for more details. @ https://player-widget.mixcloud.com/assets/index-DFbmkmY8.js:34
[   67097ms] [ERROR] Permissions policy violation: encrypted-media is not allowed in this document. @ https://player-widget.mixcloud.com/assets/index-DFbmkmY8.js:34
[   67097ms] [WARNING] Encrypted Media access has been blocked because of a Feature Policy applied to the current document. See https://crbug.com/414348233 for more details. @ https://player-widget.mixcloud.com/assets/index-DFbmkmY8.js:34
[   67133ms] [ERROR] Failed to load resource: the server responded with a status of 404 () @ https://player-widget.mixcloud.com/mix-D-rK8BlV-MixcloudWordmarkLogo.svg#use-href-target:0
[   67173ms] [ERROR] Failed to load resource: the server responded with a status of 404 () @ https://player-widget.mixcloud.com/mix-D-rK8BlV-MixcloudWordmarkLogo.svg#use-href-target:0
[   68028ms] [ERROR] Permissions policy violation: encrypted-media is not allowed in this document. @ https://player-widget.mixcloud.com/assets/index-DFbmkmY8.js:34
[   68028ms] [WARNING] Encrypted Media access has been blocked because of a Feature Policy applied to the current document. See https://crbug.com/414348233 for more details. @ https://player-widget.mixcloud.com/assets/index-DFbmkmY8.js:34
[   68028ms] [ERROR] Permissions policy violation: encrypted-media is not allowed in this document. @ https://player-widget.mixcloud.com/assets/index-DFbmkmY8.js:34
[   68028ms] [WARNING] Encrypted Media access has been blocked because of a Feature Policy applied to the current document. See https://crbug.com/414348233 for more details. @ https://player-widget.mixcloud.com/assets/index-DFbmkmY8.js:34
[   68028ms] [ERROR] Permissions policy violation: encrypted-media is not allowed in this document. @ https://player-widget.mixcloud.com/assets/index-DFbmkmY8.js:34
[   68028ms] [WARNING] Encrypted Media access has been blocked because of a Feature Policy applied to the current document. See https://crbug.com/414348233 for more details. @ https://player-widget.mixcloud.com/assets/index-DFbmkmY8.js:34
[   68031ms] [ERROR] Permissions policy violation: encrypted-media is not allowed in this document. @ https://player-widget.mixcloud.com/assets/index-DFbmkmY8.js:34
[   68031ms] [WARNING] Encrypted Media access has been blocked because of a Feature Policy applied to the current document. See https://crbug.com/414348233 for more details. @ https://player-widget.mixcloud.com/assets/index-DFbmkmY8.js:34
[   68031ms] [ERROR] Permissions policy violation: encrypted-media is not allowed in this document. @ https://player-widget.mixcloud.com/assets/index-DFbmkmY8.js:34
[   68031ms] [WARNING] Encrypted Media access has been blocked because of a Feature Policy applied to the current document. See https://crbug.com/414348233 for more details. @ https://player-widget.mixcloud.com/assets/index-DFbmkmY8.js:34
[   68031ms] [ERROR] Permissions policy violation: encrypted-media is not allowed in this document. @ https://player-widget.mixcloud.com/assets/index-DFbmkmY8.js:34
[   68031ms] [WARNING] Encrypted Media access has been blocked because of a Feature Policy applied to the current document. See https://crbug.com/414348233 for more details. @ https://player-widget.mixcloud.com/assets/index-DFbmkmY8.js:34
[   68056ms] [ERROR] Permissions policy violation: encrypted-media is not allowed in this document. @ https://player-widget.mixcloud.com/assets/index-DFbmkmY8.js:34
[   68056ms] [WARNING] Encrypted Media access has been blocked because of a Feature Policy applied to the current document. See https://crbug.com/414348233 for more details. @ https://player-widget.mixcloud.com/assets/index-DFbmkmY8.js:34
[   68056ms] [ERROR] Permissions policy violation: encrypted-media is not allowed in this document. @ https://player-widget.mixcloud.com/assets/index-DFbmkmY8.js:34
[   68056ms] [WARNING] Encrypted Media access has been blocked because of a Feature Policy applied to the current document. See https://crbug.com/414348233 for more details. @ https://player-widget.mixcloud.com/assets/index-DFbmkmY8.js:34
[   68056ms] [ERROR] Permissions policy violation: encrypted-media is not allowed in this document. @ https://player-widget.mixcloud.com/assets/index-DFbmkmY8.js:34
[   68056ms] [WARNING] Encrypted Media access has been blocked because of a Feature Policy applied to the current document. See https://crbug.com/414348233 for more details. @ https://player-widget.mixcloud.com/assets/index-DFbmkmY8.js:34
[   68064ms] [ERROR] Failed to load resource: the server responded with a status of 404 () @ https://player-widget.mixcloud.com/mix-D-rK8BlV-MixcloudWordmarkLogo.svg#use-href-target:0
[   68102ms] [ERROR] Failed to load resource: the server responded with a status of 404 () @ https://player-widget.mixcloud.com/mix-D-rK8BlV-MixcloudWordmarkLogo.svg#use-href-target:0
[   68190ms] [ERROR] Failed to load resource: the server responded with a status of 404 () @ https://player-widget.mixcloud.com/mix-D-rK8BlV-MixcloudWordmarkLogo.svg#use-href-target:0
[   68213ms] [ERROR] Permissions policy violation: encrypted-media is not allowed in this document. @ https://player-widget.mixcloud.com/assets/index-DFbmkmY8.js:34
[   68213ms] [WARNING] Encrypted Media access has been blocked because of a Feature Policy applied to the current document. See https://crbug.com/414348233 for more details. @ https://player-widget.mixcloud.com/assets/index-DFbmkmY8.js:34
[   68213ms] [ERROR] Permissions policy violation: encrypted-media is not allowed in this document. @ https://player-widget.mixcloud.com/assets/index-DFbmkmY8.js:34
[   68213ms] [WARNING] Encrypted Media access has been blocked because of a Feature Policy applied to the current document. See https://crbug.com/414348233 for more details. @ https://player-widget.mixcloud.com/assets/index-DFbmkmY8.js:34
[   68213ms] [ERROR] Permissions policy violation: encrypted-media is not allowed in this document. @ https://player-widget.mixcloud.com/assets/index-DFbmkmY8.js:34
[   68213ms] [WARNING] Encrypted Media access has been blocked because of a Feature Policy applied to the current document. See https://crbug.com/414348233 for more details. @ https://player-widget.mixcloud.com/assets/index-DFbmkmY8.js:34
[   68246ms] [ERROR] Permissions policy violation: encrypted-media is not allowed in this document. @ https://player-widget.mixcloud.com/assets/index-DFbmkmY8.js:34
[   68246ms] [WARNING] Encrypted Media access has been blocked because of a Feature Policy applied to the current document. See https://crbug.com/414348233 for more details. @ https://player-widget.mixcloud.com/assets/index-DFbmkmY8.js:34
[   68246ms] [ERROR] Permissions policy violation: encrypted-media is not allowed in this document. @ https://player-widget.mixcloud.com/assets/index-DFbmkmY8.js:34
[   68246ms] [WARNING] Encrypted Media access has been blocked because of a Feature Policy applied to the current document. See https://crbug.com/414348233 for more details. @ https://player-widget.mixcloud.com/assets/index-DFbmkmY8.js:34
[   68246ms] [ERROR] Permissions policy violation: encrypted-media is not allowed in this document. @ https://player-widget.mixcloud.com/assets/index-DFbmkmY8.js:34
[   68246ms] [WARNING] Encrypted Media access has been blocked because of a Feature Policy applied to the current document. See https://crbug.com/414348233 for more details. @ https://player-widget.mixcloud.com/assets/index-DFbmkmY8.js:34
[   68247ms] [ERROR] Failed to load resource: the server responded with a status of 404 () @ https://player-widget.mixcloud.com/mix-D-rK8BlV-MixcloudWordmarkLogo.svg#use-href-target:0
[   68353ms] [ERROR] Failed to load resource: the server responded with a status of 404 () @ https://player-widget.mixcloud.com/mix-D-rK8BlV-MixcloudWordmarkLogo.svg#use-href-target:0
[   68583ms] [ERROR] Permissions policy violation: encrypted-media is not allowed in this document. @ https://player-widget.mixcloud.com/assets/index-DFbmkmY8.js:34
[   68583ms] [WARNING] Encrypted Media access has been blocked because of a Feature Policy applied to the current document. See https://crbug.com/414348233 for more details. @ https://player-widget.mixcloud.com/assets/index-DFbmkmY8.js:34
[   68583ms] [ERROR] Permissions policy violation: encrypted-media is not allowed in this document. @ https://player-widget.mixcloud.com/assets/index-DFbmkmY8.js:34
[   68583ms] [WARNING] Encrypted Media access has been blocked because of a Feature Policy applied to the current document. See https://crbug.com/414348233 for more details. @ https://player-widget.mixcloud.com/assets/index-DFbmkmY8.js:34
[   68583ms] [ERROR] Permissions policy violation: encrypted-media is not allowed in this document. @ https://player-widget.mixcloud.com/assets/index-DFbmkmY8.js:34
[   68583ms] [WARNING] Encrypted Media access has been blocked because of a Feature Policy applied to the current document. See https://crbug.com/414348233 for more details. @ https://player-widget.mixcloud.com/assets/index-DFbmkmY8.js:34
[   67060ms] [ERROR] Permissions policy violation: encrypted-media is not allowed in this document. @ https://player-widget.mixcloud.com/assets/index-DFbmkmY8.js:34
[   67060ms] [WARNING] Encrypted Media access has been blocked because of a Feature Policy applied to the current document. See https://crbug.com/414348233 for more details. @ https://player-widget.mixcloud.com/assets/index-DFbmkmY8.js:34
[   67060ms] [ERROR] Permissions policy violation: encrypted-media is not allowed in this document. @ https://player-widget.mixcloud.com/assets/index-DFbmkmY8.js:34
[   67060ms] [WARNING] Encrypted Media access has been blocked because of a Feature Policy applied to the current document. See https://crbug.com/414348233 for more details. @ https://player-widget.mixcloud.com/assets/index-DFbmkmY8.js:34
[   67061ms] [ERROR] Permissions policy violation: encrypted-media is not allowed in this document. @ https://player-widget.mixcloud.com/assets/index-DFbmkmY8.js:34
[   67061ms] [WARNING] Encrypted Media access has been blocked because of a Feature Policy applied to the current document. See https://crbug.com/414348233 for more details. @ https://player-widget.mixcloud.com/assets/index-DFbmkmY8.js:34
[   67064ms] [ERROR] Permissions policy violation: encrypted-media is not allowed in this document. @ https://player-widget.mixcloud.com/assets/index-DFbmkmY8.js:34
[   67064ms] [WARNING] Encrypted Media access has been blocked because of a Feature Policy applied to the current document. See https://crbug.com/414348233 for more details. @ https://player-widget.mixcloud.com/assets/index-DFbmkmY8.js:34
[   67064ms] [ERROR] Permissions policy violation: encrypted-media is not allowed in this document. @ https://player-widget.mixcloud.com/assets/index-DFbmkmY8.js:34
[   67064ms] [WARNING] Encrypted Media access has been blocked because of a Feature Policy applied to the current document. See https://crbug.com/414348233 for more details. @ https://player-widget.mixcloud.com/assets/index-DFbmkmY8.js:34
[   67064ms] [ERROR] Permissions policy violation: encrypted-media is not allowed in this document. @ https://player-widget.mixcloud.com/assets/index-DFbmkmY8.js:34
[   67064ms] [WARNING] Encrypted Media access has been blocked because of a Feature Policy applied to the current document. See https://crbug.com/414348233 for more details. @ https://player-widget.mixcloud.com/assets/index-DFbmkmY8.js:34
[   67068ms] [ERROR] Permissions policy violation: encrypted-media is not allowed in this document. @ https://player-widget.mixcloud.com/assets/index-DFbmkmY8.js:34
[   67068ms] [WARNING] Encrypted Media access has been blocked because of a Feature Policy applied to the current document. See https://crbug.com/414348233 for more details. @ https://player-widget.mixcloud.com/assets/index-DFbmkmY8.js:34
[   67068ms] [ERROR] Permissions policy violation: encrypted-media is not allowed in this document. @ https://player-widget.mixcloud.com/assets/index-DFbmkmY8.js:34
[   67068ms] [WARNING] Encrypted Media access has been blocked because of a Feature Policy applied to the current document. See https://crbug.com/414348233 for more details. @ https://player-widget.mixcloud.com/assets/index-DFbmkmY8.js:34
[   67068ms] [ERROR] Permissions policy violation: encrypted-media is not allowed in this document. @ https://player-widget.mixcloud.com/assets/index-DFbmkmY8.js:34
[   67068ms] [WARNING] Encrypted Media access has been blocked because of a Feature Policy applied to the current document. See https://crbug.com/414348233 for more details. @ https://player-widget.mixcloud.com/assets/index-DFbmkmY8.js:34
[   67071ms] [ERROR] Permissions policy violation: encrypted-media is not allowed in this document. @ https://player-widget.mixcloud.com/assets/index-DFbmkmY8.js:34
[   67071ms] [WARNING] Encrypted Media access has been blocked because of a Feature Policy applied to the current document. See https://crbug.com/414348233 for more details. @ https://player-widget.mixcloud.com/assets/index-DFbmkmY8.js:34
[   67071ms] [ERROR] Permissions policy violation: encrypted-media is not allowed in this document. @ https://player-widget.mixcloud.com/assets/index-DFbmkmY8.js:34
[   67071ms] [WARNING] Encrypted Media access has been blocked because of a Feature Policy applied to the current document. See https://crbug.com/414348233 for more details. @ https://player-widget.mixcloud.com/assets/index-DFbmkmY8.js:34
[   67071ms] [ERROR] Permissions policy violation: encrypted-media is not allowed in this document. @ https://player-widget.mixcloud.com/assets/index-DFbmkmY8.js:34
[   67071ms] [WARNING] Encrypted Media access has been blocked because of a Feature Policy applied to the current document. See https://crbug.com/414348233 for more details. @ https://player-widget.mixcloud.com/assets/index-DFbmkmY8.js:34
[   67075ms] [ERROR] Permissions policy violation: encrypted-media is not allowed in this document. @ https://player-widget.mixcloud.com/assets/index-DFbmkmY8.js:34
[   67075ms] [WARNING] Encrypted Media access has been blocked because of a Feature Policy applied to the current document. See https://crbug.com/414348233 for more details. @ https://player-widget.mixcloud.com/assets/index-DFbmkmY8.js:34
[   67075ms] [ERROR] Permissions policy violation: encrypted-media is not allowed in this document. @ https://player-widget.mixcloud.com/assets/index-DFbmkmY8.js:34
[   67075ms] [WARNING] Encrypted Media access has been blocked because of a Feature Policy applied to the current document. See https://crbug.com/414348233 for more details. @ https://player-widget.mixcloud.com/assets/index-DFbmkmY8.js:34
[   67075ms] [ERROR] Permissions policy violation: encrypted-media is not allowed in this document. @ https://player-widget.mixcloud.com/assets/index-DFbmkmY8.js:34
[   67075ms] [WARNING] Encrypted Media access has been blocked because of a Feature Policy applied to the current document. See https://crbug.com/414348233 for more details. @ https://player-widget.mixcloud.com/assets/index-DFbmkmY8.js:34
[   67079ms] [ERROR] Permissions policy violation: encrypted-media is not allowed in this document. @ https://player-widget.mixcloud.com/assets/index-DFbmkmY8.js:34
[   67079ms] [WARNING] Encrypted Media access has been blocked because of a Feature Policy applied to the current document. See https://crbug.com/414348233 for more details. @ https://player-widget.mixcloud.com/assets/index-DFbmkmY8.js:34
[   67079ms] [ERROR] Permissions policy violation: encrypted-media is not allowed in this document. @ https://player-widget.mixcloud.com/assets/index-DFbmkmY8.js:34
[   67079ms] [WARNING] Encrypted Media access has been blocked because of a Feature Policy applied to the current document. See https://crbug.com/414348233 for more details. @ https://player-widget.mixcloud.com/assets/index-DFbmkmY8.js:34
[   67079ms] [ERROR] Permissions policy violation: encrypted-media is not allowed in this document. @ https://player-widget.mixcloud.com/assets/index-DFbmkmY8.js:34
[   67079ms] [WARNING] Encrypted Media access has been blocked because of a Feature Policy applied to the current document. See https://crbug.com/414348233 for more details. @ https://player-widget.mixcloud.com/assets/index-DFbmkmY8.js:34
[   67085ms] [ERROR] Permissions policy violation: encrypted-media is not allowed in this document. @ https://player-widget.mixcloud.com/assets/index-DFbmkmY8.js:34
[   67085ms] [WARNING] Encrypted Media access has been blocked because of a Feature Policy applied to the current document. See https://crbug.com/414348233 for more details. @ https://player-widget.mixcloud.com/assets/index-DFbmkmY8.js:34
[   67085ms] [ERROR] Permissions policy violation: encrypted-media is not allowed in this document. @ https://player-widget.mixcloud.com/assets/index-DFbmkmY8.js:34
[   67085ms] [WARNING] Encrypted Media access has been blocked because of a Feature Policy applied to the current document. See https://crbug.com/414348233 for more details. @ https://player-widget.mixcloud.com/assets/index-DFbmkmY8.js:34
[   67085ms] [ERROR] Permissions policy violation: encrypted-media is not allowed in this document. @ https://player-widget.mixcloud.com/assets/index-DFbmkmY8.js:34
[   67085ms] [WARNING] Encrypted Media access has been blocked because of a Feature Policy applied to the current document. See https://crbug.com/414348233 for more details. @ https://player-widget.mixcloud.com/assets/index-DFbmkmY8.js:34
[   67089ms] [ERROR] Failed to load resource: the server responded with a status of 404 () @ https://player-widget.mixcloud.com/mix-D-rK8BlV-MixcloudWordmarkLogo.svg#use-href-target:0
[   67093ms] [ERROR] Permissions policy violation: encrypted-media is not allowed in this document. @ https://player-widget.mixcloud.com/assets/index-DFbmkmY8.js:34
[   67093ms] [WARNING] Encrypted Media access has been blocked because of a Feature Policy applied to the current document. See https://crbug.com/414348233 for more details. @ https://player-widget.mixcloud.com/assets/index-DFbmkmY8.js:34
[   67093ms] [ERROR] Permissions policy violation: encrypted-media is not allowed in this document. @ https://player-widget.mixcloud.com/assets/index-DFbmkmY8.js:34
[   67093ms] [WARNING] Encrypted Media access has been blocked because of a Feature Policy applied to the current document. See https://crbug.com/414348233 for more details. @ https://player-widget.mixcloud.com/assets/index-DFbmkmY8.js:34
[   67093ms] [ERROR] Permissions policy violation: encrypted-media is not allowed in this document. @ https://player-widget.mixcloud.com/assets/index-DFbmkmY8.js:34
[   67093ms] [WARNING] Encrypted Media access has been blocked because of a Feature Policy applied to the current document. See https://crbug.com/414348233 for more details. @ https://player-widget.mixcloud.com/assets/index-DFbmkmY8.js:34
[   67097ms] [ERROR] Permissions policy violation: encrypted-media is not allowed in this document. @ https://player-widget.mixcloud.com/assets/index-DFbmkmY8.js:34
[   67097ms] [WARNING] Encrypted Media access has been blocked because of a Feature Policy applied to the current document. See https://crbug.com/414348233 for more details. @ https://player-widget.mixcloud.com/assets/index-DFbmkmY8.js:34
[   67097ms] [ERROR] Permissions policy violation: encrypted-media is not allowed in this document. @ https://player-widget.mixcloud.com/assets/index-DFbmkmY8.js:34
[   67097ms] [WARNING] Encrypted Media access has been blocked because of a Feature Policy applied to the current document. See https://crbug.com/414348233 for more details. @ https://player-widget.mixcloud.com/assets/index-DFbmkmY8.js:34
[   67097ms] [ERROR] Permissions policy violation: encrypted-media is not allowed in this document. @ https://player-widget.mixcloud.com/assets/index-DFbmkmY8.js:34
[   67097ms] [WARNING] Encrypted Media access has been blocked because of a Feature Policy applied to the current document. See https://crbug.com/414348233 for more details. @ https://player-widget.mixcloud.com/assets/index-DFbmkmY8.js:34
[   67133ms] [ERROR] Failed to load resource: the server responded with a status of 404 () @ https://player-widget.mixcloud.com/mix-D-rK8BlV-MixcloudWordmarkLogo.svg#use-href-target:0
[   67173ms] [ERROR] Failed to load resource: the server responded with a status of 404 () @ https://player-widget.mixcloud.com/mix-D-rK8BlV-MixcloudWordmarkLogo.svg#use-href-target:0
[   68028ms] [ERROR] Permissions policy violation: encrypted-media is not allowed in this document. @ https://player-widget.mixcloud.com/assets/index-DFbmkmY8.js:34
[   68028ms] [WARNING] Encrypted Media access has been blocked because of a Feature Policy applied to the current document. See https://crbug.com/414348233 for more details. @ https://player-widget.mixcloud.com/assets/index-DFbmkmY8.js:34
[   68028ms] [ERROR] Permissions policy violation: encrypted-media is not allowed in this document. @ https://player-widget.mixcloud.com/assets/index-DFbmkmY8.js:34
[   68028ms] [WARNING] Encrypted Media access has been blocked because of a Feature Policy applied to the current document. See https://crbug.com/414348233 for more details. @ https://player-widget.mixcloud.com/assets/index-DFbmkmY8.js:34
[   68028ms] [ERROR] Permissions policy violation: encrypted-media is not allowed in this document. @ https://player-widget.mixcloud.com/assets/index-DFbmkmY8.js:34
[   68028ms] [WARNING] Encrypted Media access has been blocked because of a Feature Policy applied to the current document. See https://crbug.com/414348233 for more details. @ https://player-widget.mixcloud.com/assets/index-DFbmkmY8.js:34
[   68031ms] [ERROR] Permissions policy violation: encrypted-media is not allowed in this document. @ https://player-widget.mixcloud.com/assets/index-DFbmkmY8.js:34
[   68031ms] [WARNING] Encrypted Media access has been blocked because of a Feature Policy applied to the current document. See https://crbug.com/414348233 for more details. @ https://player-widget.mixcloud.com/assets/index-DFbmkmY8.js:34
[   68031ms] [ERROR] Permissions policy violation: encrypted-media is not allowed in this document. @ https://player-widget.mixcloud.com/assets/index-DFbmkmY8.js:34
[   68031ms] [WARNING] Encrypted Media access has been blocked because of a Feature Policy applied to the current document. See https://crbug.com/414348233 for more details. @ https://player-widget.mixcloud.com/assets/index-DFbmkmY8.js:34
[   68031ms] [ERROR] Permissions policy violation: encrypted-media is not allowed in this document. @ https://player-widget.mixcloud.com/assets/index-DFbmkmY8.js:34
[   68031ms] [WARNING] Encrypted Media access has been blocked because of a Feature Policy applied to the current document. See https://crbug.com/414348233 for more details. @ https://player-widget.mixcloud.com/assets/index-DFbmkmY8.js:34
[   68056ms] [ERROR] Permissions policy violation: encrypted-media is not allowed in this document. @ https://player-widget.mixcloud.com/assets/index-DFbmkmY8.js:34
[   68056ms] [WARNING] Encrypted Media access has been blocked because of a Feature Policy applied to the current document. See https://crbug.com/414348233 for more details. @ https://player-widget.mixcloud.com/assets/index-DFbmkmY8.js:34
[   68056ms] [ERROR] Permissions policy violation: encrypted-media is not allowed in this document. @ https://player-widget.mixcloud.com/assets/index-DFbmkmY8.js:34
[   68056ms] [WARNING] Encrypted Media access has been blocked because of a Feature Policy applied to the current document. See https://crbug.com/414348233 for more details. @ https://player-widget.mixcloud.com/assets/index-DFbmkmY8.js:34
[   68056ms] [ERROR] Permissions policy violation: encrypted-media is not allowed in this document. @ https://player-widget.mixcloud.com/assets/index-DFbmkmY8.js:34
[   68056ms] [WARNING] Encrypted Media access has been blocked because of a Feature Policy applied to the current document. See https://crbug.com/414348233 for more details. @ https://player-widget.mixcloud.com/assets/index-DFbmkmY8.js:34
[   68064ms] [ERROR] Failed to load resource: the server responded with a status of 404 () @ https://player-widget.mixcloud.com/mix-D-rK8BlV-MixcloudWordmarkLogo.svg#use-href-target:0
[   68102ms] [ERROR] Failed to load resource: the server responded with a status of 404 () @ https://player-widget.mixcloud.com/mix-D-rK8BlV-MixcloudWordmarkLogo.svg#use-href-target:0
[   68190ms] [ERROR] Failed to load resource: the server responded with a status of 404 () @ https://player-widget.mixcloud.com/mix-D-rK8BlV-MixcloudWordmarkLogo.svg#use-href-target:0
[   68213ms] [ERROR] Permissions policy violation: encrypted-media is not allowed in this document. @ https://player-widget.mixcloud.com/assets/index-DFbmkmY8.js:34
[   68213ms] [WARNING] Encrypted Media access has been blocked because of a Feature Policy applied to the current document. See https://crbug.com/414348233 for more details. @ https://player-widget.mixcloud.com/assets/index-DFbmkmY8.js:34
[   68213ms] [ERROR] Permissions policy violation: encrypted-media is not allowed in this document. @ https://player-widget.mixcloud.com/assets/index-DFbmkmY8.js:34
[   68213ms] [WARNING] Encrypted Media access has been blocked because of a Feature Policy applied to the current document. See https://crbug.com/414348233 for more details. @ https://player-widget.mixcloud.com/assets/index-DFbmkmY8.js:34
[   68213ms] [ERROR] Permissions policy violation: encrypted-media is not allowed in this document. @ https://player-widget.mixcloud.com/assets/index-DFbmkmY8.js:34
[   68213ms] [WARNING] Encrypted Media access has been blocked because of a Feature Policy applied to the current document. See https://crbug.com/414348233 for more details. @ https://player-widget.mixcloud.com/assets/index-DFbmkmY8.js:34
[   68246ms] [ERROR] Permissions policy violation: encrypted-media is not allowed in this document. @ https://player-widget.mixcloud.com/assets/index-DFbmkmY8.js:34
[   68246ms] [WARNING] Encrypted Media access has been blocked because of a Feature Policy applied to the current document. See https://crbug.com/414348233 for more details. @ https://player-widget.mixcloud.com/assets/index-DFbmkmY8.js:34
[   68246ms] [ERROR] Permissions policy violation: encrypted-media is not allowed in this document. @ https://player-widget.mixcloud.com/assets/index-DFbmkmY8.js:34
[   68246ms] [WARNING] Encrypted Media access has been blocked because of a Feature Policy applied to the current document. See https://crbug.com/414348233 for more details. @ https://player-widget.mixcloud.com/assets/index-DFbmkmY8.js:34
[   68246ms] [ERROR] Permissions policy violation: encrypted-media is not allowed in this document. @ https://player-widget.mixcloud.com/assets/index-DFbmkmY8.js:34
[   68246ms] [WARNING] Encrypted Media access has been blocked because of a Feature Policy applied to the current document. See https://crbug.com/414348233 for more details. @ https://player-widget.mixcloud.com/assets/index-DFbmkmY8.js:34
[   68247ms] [ERROR] Failed to load resource: the server responded with a status of 404 () @ https://player-widget.mixcloud.com/mix-D-rK8BlV-MixcloudWordmarkLogo.svg#use-href-target:0
[   68353ms] [ERROR] Failed to load resource: the server responded with a status of 404 () @ https://player-widget.mixcloud.com/mix-D-rK8BlV-MixcloudWordmarkLogo.svg#use-href-target:0
[   68583ms] [ERROR] Permissions policy violation: encrypted-media is not allowed in this document. @ https://player-widget.mixcloud.com/assets/index-DFbmkmY8.js:34
[   68583ms] [WARNING] Encrypted Media access has been blocked because of a Feature Policy applied to the current document. See https://crbug.com/414348233 for more details. @ https://player-widget.mixcloud.com/assets/index-DFbmkmY8.js:34
[   68583ms] [ERROR] Permissions policy violation: encrypted-media is not allowed in this document. @ https://player-widget.mixcloud.com/assets/index-DFbmkmY8.js:34
[   68583ms] [WARNING] Encrypted Media access has been blocked because of a Feature Policy applied to the current document. See https://crbug.com/414348233 for more details. @ https://player-widget.mixcloud.com/assets/index-DFbmkmY8.js:34
[   68583ms] [ERROR] Permissions policy violation: encrypted-media is not allowed in this document. @ https://player-widget.mixcloud.com/assets/index-DFbmkmY8.js:34
[   68583ms] [WARNING] Encrypted Media access has been blocked because of a Feature Policy applied to the current document. See https://crbug.com/414348233 for more details. @ https://player-widget.mixcloud.com/assets/index-DFbmkmY8.js:34
[   68617ms] [ERROR] Permissions policy violation: encrypted-media is not allowed in this document. @ https://player-widget.mixcloud.com/assets/index-DFbmkmY8.js:34
[   68617ms] [WARNING] Encrypted Media access has been blocked because of a Feature Policy applied to the current document. See https://crbug.com/414348233 for more details. @ https://player-widget.mixcloud.com/assets/index-DFbmkmY8.js:34
[   68617ms] [ERROR] Permissions policy violation: encrypted-media is not allowed in this document. @ https://player-widget.mixcloud.com/assets/index-DFbmkmY8.js:34
[   68617ms] [WARNING] Encrypted Media access has been blocked because of a Feature Policy applied to the current document. See https://crbug.com/414348233 for more details. @ https://player-widget.mixcloud.com/assets/index-DFbmkmY8.js:34
[   68617ms] [ERROR] Permissions policy violation: encrypted-media is not allowed in this document. @ https://player-widget.mixcloud.com/assets/index-DFbmkmY8.js:34
[   68617ms] [WARNING] Encrypted Media access has been blocked because of a Feature Policy applied to the current document. See https://crbug.com/414348233 for more details. @ https://player-widget.mixcloud.com/assets/index-DFbmkmY8.js:34
[   68620ms] [ERROR] Failed to load resource: the server responded with a status of 404 () @ https://player-widget.mixcloud.com/mix-D-rK8BlV-MixcloudWordmarkLogo.svg#use-href-target:0
[   67060ms] [ERROR] Permissions policy violation: encrypted-media is not allowed in this document. @ https://player-widget.mixcloud.com/assets/index-DFbmkmY8.js:34
[   67060ms] [WARNING] Encrypted Media access has been blocked because of a Feature Policy applied to the current document. See https://crbug.com/414348233 for more details. @ https://player-widget.mixcloud.com/assets/index-DFbmkmY8.js:34
[   67060ms] [ERROR] Permissions policy violation: encrypted-media is not allowed in this document. @ https://player-widget.mixcloud.com/assets/index-DFbmkmY8.js:34
[   67060ms] [WARNING] Encrypted Media access has been blocked because of a Feature Policy applied to the current document. See https://crbug.com/414348233 for more details. @ https://player-widget.mixcloud.com/assets/index-DFbmkmY8.js:34
[   67061ms] [ERROR] Permissions policy violation: encrypted-media is not allowed in this document. @ https://player-widget.mixcloud.com/assets/index-DFbmkmY8.js:34
[   67061ms] [WARNING] Encrypted Media access has been blocked because of a Feature Policy applied to the current document. See https://crbug.com/414348233 for more details. @ https://player-widget.mixcloud.com/assets/index-DFbmkmY8.js:34
[   67064ms] [ERROR] Permissions policy violation: encrypted-media is not allowed in this document. @ https://player-widget.mixcloud.com/assets/index-DFbmkmY8.js:34
[   67064ms] [WARNING] Encrypted Media access has been blocked because of a Feature Policy applied to the current document. See https://crbug.com/414348233 for more details. @ https://player-widget.mixcloud.com/assets/index-DFbmkmY8.js:34
[   67064ms] [ERROR] Permissions policy violation: encrypted-media is not allowed in this document. @ https://player-widget.mixcloud.com/assets/index-DFbmkmY8.js:34
[   67064ms] [WARNING] Encrypted Media access has been blocked because of a Feature Policy applied to the current document. See https://crbug.com/414348233 for more details. @ https://player-widget.mixcloud.com/assets/index-DFbmkmY8.js:34
[   67064ms] [ERROR] Permissions policy violation: encrypted-media is not allowed in this document. @ https://player-widget.mixcloud.com/assets/index-DFbmkmY8.js:34
[   67064ms] [WARNING] Encrypted Media access has been blocked because of a Feature Policy applied to the current document. See https://crbug.com/414348233 for more details. @ https://player-widget.mixcloud.com/assets/index-DFbmkmY8.js:34
[   67068ms] [ERROR] Permissions policy violation: encrypted-media is not allowed in this document. @ https://player-widget.mixcloud.com/assets/index-DFbmkmY8.js:34
[   67068ms] [WARNING] Encrypted Media access has been blocked because of a Feature Policy applied to the current document. See https://crbug.com/414348233 for more details. @ https://player-widget.mixcloud.com/assets/index-DFbmkmY8.js:34
[   67068ms] [ERROR] Permissions policy violation: encrypted-media is not allowed in this document. @ https://player-widget.mixcloud.com/assets/index-DFbmkmY8.js:34
[   67068ms] [WARNING] Encrypted Media access has been blocked because of a Feature Policy applied to the current document. See https://crbug.com/414348233 for more details. @ https://player-widget.mixcloud.com/assets/index-DFbmkmY8.js:34
[   67068ms] [ERROR] Permissions policy violation: encrypted-media is not allowed in this document. @ https://player-widget.mixcloud.com/assets/index-DFbmkmY8.js:34
[   67068ms] [WARNING] Encrypted Media access has been blocked because of a Feature Policy applied to the current document. See https://crbug.com/414348233 for more details. @ https://player-widget.mixcloud.com/assets/index-DFbmkmY8.js:34
[   67071ms] [ERROR] Permissions policy violation: encrypted-media is not allowed in this document. @ https://player-widget.mixcloud.com/assets/index-DFbmkmY8.js:34
[   67071ms] [WARNING] Encrypted Media access has been blocked because of a Feature Policy applied to the current document. See https://crbug.com/414348233 for more details. @ https://player-widget.mixcloud.com/assets/index-DFbmkmY8.js:34
[   67071ms] [ERROR] Permissions policy violation: encrypted-media is not allowed in this document. @ https://player-widget.mixcloud.com/assets/index-DFbmkmY8.js:34
[   67071ms] [WARNING] Encrypted Media access has been blocked because of a Feature Policy applied to the current document. See https://crbug.com/414348233 for more details. @ https://player-widget.mixcloud.com/assets/index-DFbmkmY8.js:34
[   67071ms] [ERROR] Permissions policy violation: encrypted-media is not allowed in this document. @ https://player-widget.mixcloud.com/assets/index-DFbmkmY8.js:34
[   67071ms] [WARNING] Encrypted Media access has been blocked because of a Feature Policy applied to the current document. See https://crbug.com/414348233 for more details. @ https://player-widget.mixcloud.com/assets/index-DFbmkmY8.js:34
[   67075ms] [ERROR] Permissions policy violation: encrypted-media is not allowed in this document. @ https://player-widget.mixcloud.com/assets/index-DFbmkmY8.js:34
[   67075ms] [WARNING] Encrypted Media access has been blocked because of a Feature Policy applied to the current document. See https://crbug.com/414348233 for more details. @ https://player-widget.mixcloud.com/assets/index-DFbmkmY8.js:34
[   67075ms] [ERROR] Permissions policy violation: encrypted-media is not allowed in this document. @ https://player-widget.mixcloud.com/assets/index-DFbmkmY8.js:34
[   67075ms] [WARNING] Encrypted Media access has been blocked because of a Feature Policy applied to the current document. See https://crbug.com/414348233 for more details. @ https://player-widget.mixcloud.com/assets/index-DFbmkmY8.js:34
[   67075ms] [ERROR] Permissions policy violation: encrypted-media is not allowed in this document. @ https://player-widget.mixcloud.com/assets/index-DFbmkmY8.js:34
[   67075ms] [WARNING] Encrypted Media access has been blocked because of a Feature Policy applied to the current document. See https://crbug.com/414348233 for more details. @ https://player-widget.mixcloud.com/assets/index-DFbmkmY8.js:34
[   67079ms] [ERROR] Permissions policy violation: encrypted-media is not allowed in this document. @ https://player-widget.mixcloud.com/assets/index-DFbmkmY8.js:34
[   67079ms] [WARNING] Encrypted Media access has been blocked because of a Feature Policy applied to the current document. See https://crbug.com/414348233 for more details. @ https://player-widget.mixcloud.com/assets/index-DFbmkmY8.js:34
[   67079ms] [ERROR] Permissions policy violation: encrypted-media is not allowed in this document. @ https://player-widget.mixcloud.com/assets/index-DFbmkmY8.js:34
[   67079ms] [WARNING] Encrypted Media access has been blocked because of a Feature Policy applied to the current document. See https://crbug.com/414348233 for more details. @ https://player-widget.mixcloud.com/assets/index-DFbmkmY8.js:34
[   67079ms] [ERROR] Permissions policy violation: encrypted-media is not allowed in this document. @ https://player-widget.mixcloud.com/assets/index-DFbmkmY8.js:34
[   67079ms] [WARNING] Encrypted Media access has been blocked because of a Feature Policy applied to the current document. See https://crbug.com/414348233 for more details. @ https://player-widget.mixcloud.com/assets/index-DFbmkmY8.js:34
[   67085ms] [ERROR] Permissions policy violation: encrypted-media is not allowed in this document. @ https://player-widget.mixcloud.com/assets/index-DFbmkmY8.js:34
[   67085ms] [WARNING] Encrypted Media access has been blocked because of a Feature Policy applied to the current document. See https://crbug.com/414348233 for more details. @ https://player-widget.mixcloud.com/assets/index-DFbmkmY8.js:34
[   67085ms] [ERROR] Permissions policy violation: encrypted-media is not allowed in this document. @ https://player-widget.mixcloud.com/assets/index-DFbmkmY8.js:34
[   67085ms] [WARNING] Encrypted Media access has been blocked because of a Feature Policy applied to the current document. See https://crbug.com/414348233 for more details. @ https://player-widget.mixcloud.com/assets/index-DFbmkmY8.js:34
[   67085ms] [ERROR] Permissions policy violation: encrypted-media is not allowed in this document. @ https://player-widget.mixcloud.com/assets/index-DFbmkmY8.js:34
[   67085ms] [WARNING] Encrypted Media access has been blocked because of a Feature Policy applied to the current document. See https://crbug.com/414348233 for more details. @ https://player-widget.mixcloud.com/assets/index-DFbmkmY8.js:34
[   67089ms] [ERROR] Failed to load resource: the server responded with a status of 404 () @ https://player-widget.mixcloud.com/mix-D-rK8BlV-MixcloudWordmarkLogo.svg#use-href-target:0
[   67093ms] [ERROR] Permissions policy violation: encrypted-media is not allowed in this document. @ https://player-widget.mixcloud.com/assets/index-DFbmkmY8.js:34
[   67093ms] [WARNING] Encrypted Media access has been blocked because of a Feature Policy applied to the current document. See https://crbug.com/414348233 for more details. @ https://player-widget.mixcloud.com/assets/index-DFbmkmY8.js:34
[   67093ms] [ERROR] Permissions policy violation: encrypted-media is not allowed in this document. @ https://player-widget.mixcloud.com/assets/index-DFbmkmY8.js:34
[   67093ms] [WARNING] Encrypted Media access has been blocked because of a Feature Policy applied to the current document. See https://crbug.com/414348233 for more details. @ https://player-widget.mixcloud.com/assets/index-DFbmkmY8.js:34
[   67093ms] [ERROR] Permissions policy violation: encrypted-media is not allowed in this document. @ https://player-widget.mixcloud.com/assets/index-DFbmkmY8.js:34
[   67093ms] [WARNING] Encrypted Media access has been blocked because of a Feature Policy applied to the current document. See https://crbug.com/414348233 for more details. @ https://player-widget.mixcloud.com/assets/index-DFbmkmY8.js:34
[   67097ms] [ERROR] Permissions policy violation: encrypted-media is not allowed in this document. @ https://player-widget.mixcloud.com/assets/index-DFbmkmY8.js:34
[   67097ms] [WARNING] Encrypted Media access has been blocked because of a Feature Policy applied to the current document. See https://crbug.com/414348233 for more details. @ https://player-widget.mixcloud.com/assets/index-DFbmkmY8.js:34
[   67097ms] [ERROR] Permissions policy violation: encrypted-media is not allowed in this document. @ https://player-widget.mixcloud.com/assets/index-DFbmkmY8.js:34
[   67097ms] [WARNING] Encrypted Media access has been blocked because of a Feature Policy applied to the current document. See https://crbug.com/414348233 for more details. @ https://player-widget.mixcloud.com/assets/index-DFbmkmY8.js:34
[   67097ms] [ERROR] Permissions policy violation: encrypted-media is not allowed in this document. @ https://player-widget.mixcloud.com/assets/index-DFbmkmY8.js:34
[   67097ms] [WARNING] Encrypted Media access has been blocked because of a Feature Policy applied to the current document. See https://crbug.com/414348233 for more details. @ https://player-widget.mixcloud.com/assets/index-DFbmkmY8.js:34
[   67133ms] [ERROR] Failed to load resource: the server responded with a status of 404 () @ https://player-widget.mixcloud.com/mix-D-rK8BlV-MixcloudWordmarkLogo.svg#use-href-target:0
[   67173ms] [ERROR] Failed to load resource: the server responded with a status of 404 () @ https://player-widget.mixcloud.com/mix-D-rK8BlV-MixcloudWordmarkLogo.svg#use-href-target:0
[   68028ms] [ERROR] Permissions policy violation: encrypted-media is not allowed in this document. @ https://player-widget.mixcloud.com/assets/index-DFbmkmY8.js:34
[   68028ms] [WARNING] Encrypted Media access has been blocked because of a Feature Policy applied to the current document. See https://crbug.com/414348233 for more details. @ https://player-widget.mixcloud.com/assets/index-DFbmkmY8.js:34
[   68028ms] [ERROR] Permissions policy violation: encrypted-media is not allowed in this document. @ https://player-widget.mixcloud.com/assets/index-DFbmkmY8.js:34
[   68028ms] [WARNING] Encrypted Media access has been blocked because of a Feature Policy applied to the current document. See https://crbug.com/414348233 for more details. @ https://player-widget.mixcloud.com/assets/index-DFbmkmY8.js:34
[   68028ms] [ERROR] Permissions policy violation: encrypted-media is not allowed in this document. @ https://player-widget.mixcloud.com/assets/index-DFbmkmY8.js:34
[   68028ms] [WARNING] Encrypted Media access has been blocked because of a Feature Policy applied to the current document. See https://crbug.com/414348233 for more details. @ https://player-widget.mixcloud.com/assets/index-DFbmkmY8.js:34
[   68031ms] [ERROR] Permissions policy violation: encrypted-media is not allowed in this document. @ https://player-widget.mixcloud.com/assets/index-DFbmkmY8.js:34
[   68031ms] [WARNING] Encrypted Media access has been blocked because of a Feature Policy applied to the current document. See https://crbug.com/414348233 for more details. @ https://player-widget.mixcloud.com/assets/index-DFbmkmY8.js:34
[   68031ms] [ERROR] Permissions policy violation: encrypted-media is not allowed in this document. @ https://player-widget.mixcloud.com/assets/index-DFbmkmY8.js:34
[   68031ms] [WARNING] Encrypted Media access has been blocked because of a Feature Policy applied to the current document. See https://crbug.com/414348233 for more details. @ https://player-widget.mixcloud.com/assets/index-DFbmkmY8.js:34
[   68031ms] [ERROR] Permissions policy violation: encrypted-media is not allowed in this document. @ https://player-widget.mixcloud.com/assets/index-DFbmkmY8.js:34
[   68031ms] [WARNING] Encrypted Media access has been blocked because of a Feature Policy applied to the current document. See https://crbug.com/414348233 for more details. @ https://player-widget.mixcloud.com/assets/index-DFbmkmY8.js:34
[   68056ms] [ERROR] Permissions policy violation: encrypted-media is not allowed in this document. @ https://player-widget.mixcloud.com/assets/index-DFbmkmY8.js:34
[   68056ms] [WARNING] Encrypted Media access has been blocked because of a Feature Policy applied to the current document. See https://crbug.com/414348233 for more details. @ https://player-widget.mixcloud.com/assets/index-DFbmkmY8.js:34
[   68056ms] [ERROR] Permissions policy violation: encrypted-media is not allowed in this document. @ https://player-widget.mixcloud.com/assets/index-DFbmkmY8.js:34
[   68056ms] [WARNING] Encrypted Media access has been blocked because of a Feature Policy applied to the current document. See https://crbug.com/414348233 for more details. @ https://player-widget.mixcloud.com/assets/index-DFbmkmY8.js:34
[   68056ms] [ERROR] Permissions policy violation: encrypted-media is not allowed in this document. @ https://player-widget.mixcloud.com/assets/index-DFbmkmY8.js:34
[   68056ms] [WARNING] Encrypted Media access has been blocked because of a Feature Policy applied to the current document. See https://crbug.com/414348233 for more details. @ https://player-widget.mixcloud.com/assets/index-DFbmkmY8.js:34
[   68064ms] [ERROR] Failed to load resource: the server responded with a status of 404 () @ https://player-widget.mixcloud.com/mix-D-rK8BlV-MixcloudWordmarkLogo.svg#use-href-target:0
[   68102ms] [ERROR] Failed to load resource: the server responded with a status of 404 () @ https://player-widget.mixcloud.com/mix-D-rK8BlV-MixcloudWordmarkLogo.svg#use-href-target:0
[   68190ms] [ERROR] Failed to load resource: the server responded with a status of 404 () @ https://player-widget.mixcloud.com/mix-D-rK8BlV-MixcloudWordmarkLogo.svg#use-href-target:0
[   68213ms] [ERROR] Permissions policy violation: encrypted-media is not allowed in this document. @ https://player-widget.mixcloud.com/assets/index-DFbmkmY8.js:34
[   68213ms] [WARNING] Encrypted Media access has been blocked because of a Feature Policy applied to the current document. See https://crbug.com/414348233 for more details. @ https://player-widget.mixcloud.com/assets/index-DFbmkmY8.js:34
[   68213ms] [ERROR] Permissions policy violation: encrypted-media is not allowed in this document. @ https://player-widget.mixcloud.com/assets/index-DFbmkmY8.js:34
[   68213ms] [WARNING] Encrypted Media access has been blocked because of a Feature Policy applied to the current document. See https://crbug.com/414348233 for more details. @ https://player-widget.mixcloud.com/assets/index-DFbmkmY8.js:34
[   68213ms] [ERROR] Permissions policy violation: encrypted-media is not allowed in this document. @ https://player-widget.mixcloud.com/assets/index-DFbmkmY8.js:34
[   68213ms] [WARNING] Encrypted Media access has been blocked because of a Feature Policy applied to the current document. See https://crbug.com/414348233 for more details. @ https://player-widget.mixcloud.com/assets/index-DFbmkmY8.js:34
[   68246ms] [ERROR] Permissions policy violation: encrypted-media is not allowed in this document. @ https://player-widget.mixcloud.com/assets/index-DFbmkmY8.js:34
[   68246ms] [WARNING] Encrypted Media access has been blocked because of a Feature Policy applied to the current document. See https://crbug.com/414348233 for more details. @ https://player-widget.mixcloud.com/assets/index-DFbmkmY8.js:34
[   68246ms] [ERROR] Permissions policy violation: encrypted-media is not allowed in this document. @ https://player-widget.mixcloud.com/assets/index-DFbmkmY8.js:34
[   68246ms] [WARNING] Encrypted Media access has been blocked because of a Feature Policy applied to the current document. See https://crbug.com/414348233 for more details. @ https://player-widget.mixcloud.com/assets/index-DFbmkmY8.js:34
[   68246ms] [ERROR] Permissions policy violation: encrypted-media is not allowed in this document. @ https://player-widget.mixcloud.com/assets/index-DFbmkmY8.js:34
[   68246ms] [WARNING] Encrypted Media access has been blocked because of a Feature Policy applied to the current document. See https://crbug.com/414348233 for more details. @ https://player-widget.mixcloud.com/assets/index-DFbmkmY8.js:34
[   68247ms] [ERROR] Failed to load resource: the server responded with a status of 404 () @ https://player-widget.mixcloud.com/mix-D-rK8BlV-MixcloudWordmarkLogo.svg#use-href-target:0
[   68353ms] [ERROR] Failed to load resource: the server responded with a status of 404 () @ https://player-widget.mixcloud.com/mix-D-rK8BlV-MixcloudWordmarkLogo.svg#use-href-target:0
[   68583ms] [ERROR] Permissions policy violation: encrypted-media is not allowed in this document. @ https://player-widget.mixcloud.com/assets/index-DFbmkmY8.js:34
[   68583ms] [WARNING] Encrypted Media access has been blocked because of a Feature Policy applied to the current document. See https://crbug.com/414348233 for more details. @ https://player-widget.mixcloud.com/assets/index-DFbmkmY8.js:34
[   68583ms] [ERROR] Permissions policy violation: encrypted-media is not allowed in this document. @ https://player-widget.mixcloud.com/assets/index-DFbmkmY8.js:34
[   68583ms] [WARNING] Encrypted Media access has been blocked because of a Feature Policy applied to the current document. See https://crbug.com/414348233 for more details. @ https://player-widget.mixcloud.com/assets/index-DFbmkmY8.js:34
[   68583ms] [ERROR] Permissions policy violation: encrypted-media is not allowed in this document. @ https://player-widget.mixcloud.com/assets/index-DFbmkmY8.js:34
[   68583ms] [WARNING] Encrypted Media access has been blocked because of a Feature Policy applied to the current document. See https://crbug.com/414348233 for more details. @ https://player-widget.mixcloud.com/assets/index-DFbmkmY8.js:34
[   68617ms] [ERROR] Permissions policy violation: encrypted-media is not allowed in this document. @ https://player-widget.mixcloud.com/assets/index-DFbmkmY8.js:34
[   68617ms] [WARNING] Encrypted Media access has been blocked because of a Feature Policy applied to the current document. See https://crbug.com/414348233 for more details. @ https://player-widget.mixcloud.com/assets/index-DFbmkmY8.js:34
[   68617ms] [ERROR] Permissions policy violation: encrypted-media is not allowed in this document. @ https://player-widget.mixcloud.com/assets/index-DFbmkmY8.js:34
[   68617ms] [WARNING] Encrypted Media access has been blocked because of a Feature Policy applied to the current document. See https://crbug.com/414348233 for more details. @ https://player-widget.mixcloud.com/assets/index-DFbmkmY8.js:34
[   68617ms] [ERROR] Permissions policy violation: encrypted-media is not allowed in this document. @ https://player-widget.mixcloud.com/assets/index-DFbmkmY8.js:34
[   68617ms] [WARNING] Encrypted Media access has been blocked because of a Feature Policy applied to the current document. See https://crbug.com/414348233 for more details. @ https://player-widget.mixcloud.com/assets/index-DFbmkmY8.js:34
[   68620ms] [ERROR] Failed to load resource: the server responded with a status of 404 () @ https://player-widget.mixcloud.com/mix-D-rK8BlV-MixcloudWordmarkLogo.svg#use-href-target:0
[   68650ms] [ERROR] Permissions policy violation: encrypted-media is not allowed in this document. @ https://player-widget.mixcloud.com/assets/index-DFbmkmY8.js:34
[   68650ms] [WARNING] Encrypted Media access has been blocked because of a Feature Policy applied to the current document. See https://crbug.com/414348233 for more details. @ https://player-widget.mixcloud.com/assets/index-DFbmkmY8.js:34
[   68650ms] [ERROR] Permissions policy violation: encrypted-media is not allowed in this document. @ https://player-widget.mixcloud.com/assets/index-DFbmkmY8.js:34
[   68650ms] [WARNING] Encrypted Media access has been blocked because of a Feature Policy applied to the current document. See https://crbug.com/414348233 for more details. @ https://player-widget.mixcloud.com/assets/index-DFbmkmY8.js:34
[   68650ms] [ERROR] Permissions policy violation: encrypted-media is not allowed in this document. @ https://player-widget.mixcloud.com/assets/index-DFbmkmY8.js:34
[   68650ms] [WARNING] Encrypted Media access has been blocked because of a Feature Policy applied to the current document. See https://crbug.com/414348233 for more details. @ https://player-widget.mixcloud.com/assets/index-DFbmkmY8.js:34
[   68653ms] [ERROR] Permissions policy violation: encrypted-media is not allowed in this document. @ https://player-widget.mixcloud.com/assets/index-DFbmkmY8.js:34
[   68653ms] [WARNING] Encrypted Media access has been blocked because of a Feature Policy applied to the current document. See https://crbug.com/414348233 for more details. @ https://player-widget.mixcloud.com/assets/index-DFbmkmY8.js:34
[   68653ms] [ERROR] Permissions policy violation: encrypted-media is not allowed in this document. @ https://player-widget.mixcloud.com/assets/index-DFbmkmY8.js:34
[   68653ms] [WARNING] Encrypted Media access has been blocked because of a Feature Policy applied to the current document. See https://crbug.com/414348233 for more details. @ https://player-widget.mixcloud.com/assets/index-DFbmkmY8.js:34
[   68653ms] [ERROR] Permissions policy violation: encrypted-media is not allowed in this document. @ https://player-widget.mixcloud.com/assets/index-DFbmkmY8.js:34
[   68653ms] [WARNING] Encrypted Media access has been blocked because of a Feature Policy applied to the current document. See https://crbug.com/414348233 for more details. @ https://player-widget.mixcloud.com/assets/index-DFbmkmY8.js:34
[   68659ms] [ERROR] Failed to load resource: the server responded with a status of 404 () @ https://player-widget.mixcloud.com/mix-D-rK8BlV-MixcloudWordmarkLogo.svg#use-href-target:0
[   68703ms] [ERROR] Failed to load resource: the server responded with a status of 404 () @ https://player-widget.mixcloud.com/mix-D-rK8BlV-MixcloudWordmarkLogo.svg#use-href-target:0
[   68783ms] [WARNING] Unrecognized feature: 'speaker-selection'. @ http://127.0.0.1:5500/?speedtest=mobile-1-1787329774459:236
[   68788ms] [LOG] Hero image set: {desktopUrl: splash-images/2/bm_nerva_A_DJ_floating_in_deep_spa…ca_001eaf11-38fa-4b6d-a42e-ef2df0db2d1b_0.png?v=1, mobileUrl: splash-images/2/bm_nerva_A_DJ_floating_in_deep_spa…ca_a2b55b26-4d06-4290-8c6d-d78d5cbd6b88_3.png?v=1} @ http://127.0.0.1:5500/main.js:93
[   68788ms] [LOG] Theme colors set: {primaryColor: #519bad, secondaryColor: #2c545e, accentColor: #b4d8dc} @ http://127.0.0.1:5500/main.js:101
[   68800ms] [LOG] SoundCloud iframe colors updated: #519bad @ http://127.0.0.1:5500/main.js:122
[   67060ms] [ERROR] Permissions policy violation: encrypted-media is not allowed in this document. @ https://player-widget.mixcloud.com/assets/index-DFbmkmY8.js:34
[   67060ms] [WARNING] Encrypted Media access has been blocked because of a Feature Policy applied to the current document. See https://crbug.com/414348233 for more details. @ https://player-widget.mixcloud.com/assets/index-DFbmkmY8.js:34
[   67060ms] [ERROR] Permissions policy violation: encrypted-media is not allowed in this document. @ https://player-widget.mixcloud.com/assets/index-DFbmkmY8.js:34
[   67060ms] [WARNING] Encrypted Media access has been blocked because of a Feature Policy applied to the current document. See https://crbug.com/414348233 for more details. @ https://player-widget.mixcloud.com/assets/index-DFbmkmY8.js:34
[   67061ms] [ERROR] Permissions policy violation: encrypted-media is not allowed in this document. @ https://player-widget.mixcloud.com/assets/index-DFbmkmY8.js:34
[   67061ms] [WARNING] Encrypted Media access has been blocked because of a Feature Policy applied to the current document. See https://crbug.com/414348233 for more details. @ https://player-widget.mixcloud.com/assets/index-DFbmkmY8.js:34
[   67064ms] [ERROR] Permissions policy violation: encrypted-media is not allowed in this document. @ https://player-widget.mixcloud.com/assets/index-DFbmkmY8.js:34
[   67064ms] [WARNING] Encrypted Media access has been blocked because of a Feature Policy applied to the current document. See https://crbug.com/414348233 for more details. @ https://player-widget.mixcloud.com/assets/index-DFbmkmY8.js:34
[   67064ms] [ERROR] Permissions policy violation: encrypted-media is not allowed in this document. @ https://player-widget.mixcloud.com/assets/index-DFbmkmY8.js:34
[   67064ms] [WARNING] Encrypted Media access has been blocked because of a Feature Policy applied to the current document. See https://crbug.com/414348233 for more details. @ https://player-widget.mixcloud.com/assets/index-DFbmkmY8.js:34
[   67064ms] [ERROR] Permissions policy violation: encrypted-media is not allowed in this document. @ https://player-widget.mixcloud.com/assets/index-DFbmkmY8.js:34
[   67064ms] [WARNING] Encrypted Media access has been blocked because of a Feature Policy applied to the current document. See https://crbug.com/414348233 for more details. @ https://player-widget.mixcloud.com/assets/index-DFbmkmY8.js:34
[   67068ms] [ERROR] Permissions policy violation: encrypted-media is not allowed in this document. @ https://player-widget.mixcloud.com/assets/index-DFbmkmY8.js:34
[   67068ms] [WARNING] Encrypted Media access has been blocked because of a Feature Policy applied to the current document. See https://crbug.com/414348233 for more details. @ https://player-widget.mixcloud.com/assets/index-DFbmkmY8.js:34
[   67068ms] [ERROR] Permissions policy violation: encrypted-media is not allowed in this document. @ https://player-widget.mixcloud.com/assets/index-DFbmkmY8.js:34
[   67068ms] [WARNING] Encrypted Media access has been blocked because of a Feature Policy applied to the current document. See https://crbug.com/414348233 for more details. @ https://player-widget.mixcloud.com/assets/index-DFbmkmY8.js:34
[   67068ms] [ERROR] Permissions policy violation: encrypted-media is not allowed in this document. @ https://player-widget.mixcloud.com/assets/index-DFbmkmY8.js:34
[   67068ms] [WARNING] Encrypted Media access has been blocked because of a Feature Policy applied to the current document. See https://crbug.com/414348233 for more details. @ https://player-widget.mixcloud.com/assets/index-DFbmkmY8.js:34
[   67071ms] [ERROR] Permissions policy violation: encrypted-media is not allowed in this document. @ https://player-widget.mixcloud.com/assets/index-DFbmkmY8.js:34
[   67071ms] [WARNING] Encrypted Media access has been blocked because of a Feature Policy applied to the current document. See https://crbug.com/414348233 for more details. @ https://player-widget.mixcloud.com/assets/index-DFbmkmY8.js:34
[   67071ms] [ERROR] Permissions policy violation: encrypted-media is not allowed in this document. @ https://player-widget.mixcloud.com/assets/index-DFbmkmY8.js:34
[   67071ms] [WARNING] Encrypted Media access has been blocked because of a Feature Policy applied to the current document. See https://crbug.com/414348233 for more details. @ https://player-widget.mixcloud.com/assets/index-DFbmkmY8.js:34
[   67071ms] [ERROR] Permissions policy violation: encrypted-media is not allowed in this document. @ https://player-widget.mixcloud.com/assets/index-DFbmkmY8.js:34
[   67071ms] [WARNING] Encrypted Media access has been blocked because of a Feature Policy applied to the current document. See https://crbug.com/414348233 for more details. @ https://player-widget.mixcloud.com/assets/index-DFbmkmY8.js:34
[   67075ms] [ERROR] Permissions policy violation: encrypted-media is not allowed in this document. @ https://player-widget.mixcloud.com/assets/index-DFbmkmY8.js:34
[   67075ms] [WARNING] Encrypted Media access has been blocked because of a Feature Policy applied to the current document. See https://crbug.com/414348233 for more details. @ https://player-widget.mixcloud.com/assets/index-DFbmkmY8.js:34
[   67075ms] [ERROR] Permissions policy violation: encrypted-media is not allowed in this document. @ https://player-widget.mixcloud.com/assets/index-DFbmkmY8.js:34
[   67075ms] [WARNING] Encrypted Media access has been blocked because of a Feature Policy applied to the current document. See https://crbug.com/414348233 for more details. @ https://player-widget.mixcloud.com/assets/index-DFbmkmY8.js:34
[   67075ms] [ERROR] Permissions policy violation: encrypted-media is not allowed in this document. @ https://player-widget.mixcloud.com/assets/index-DFbmkmY8.js:34
[   67075ms] [WARNING] Encrypted Media access has been blocked because of a Feature Policy applied to the current document. See https://crbug.com/414348233 for more details. @ https://player-widget.mixcloud.com/assets/index-DFbmkmY8.js:34
[   67079ms] [ERROR] Permissions policy violation: encrypted-media is not allowed in this document. @ https://player-widget.mixcloud.com/assets/index-DFbmkmY8.js:34
[   67079ms] [WARNING] Encrypted Media access has been blocked because of a Feature Policy applied to the current document. See https://crbug.com/414348233 for more details. @ https://player-widget.mixcloud.com/assets/index-DFbmkmY8.js:34
[   67079ms] [ERROR] Permissions policy violation: encrypted-media is not allowed in this document. @ https://player-widget.mixcloud.com/assets/index-DFbmkmY8.js:34
[   67079ms] [WARNING] Encrypted Media access has been blocked because of a Feature Policy applied to the current document. See https://crbug.com/414348233 for more details. @ https://player-widget.mixcloud.com/assets/index-DFbmkmY8.js:34
[   67079ms] [ERROR] Permissions policy violation: encrypted-media is not allowed in this document. @ https://player-widget.mixcloud.com/assets/index-DFbmkmY8.js:34
[   67079ms] [WARNING] Encrypted Media access has been blocked because of a Feature Policy applied to the current document. See https://crbug.com/414348233 for more details. @ https://player-widget.mixcloud.com/assets/index-DFbmkmY8.js:34
[   67085ms] [ERROR] Permissions policy violation: encrypted-media is not allowed in this document. @ https://player-widget.mixcloud.com/assets/index-DFbmkmY8.js:34
[   67085ms] [WARNING] Encrypted Media access has been blocked because of a Feature Policy applied to the current document. See https://crbug.com/414348233 for more details. @ https://player-widget.mixcloud.com/assets/index-DFbmkmY8.js:34
[   67085ms] [ERROR] Permissions policy violation: encrypted-media is not allowed in this document. @ https://player-widget.mixcloud.com/assets/index-DFbmkmY8.js:34
[   67085ms] [WARNING] Encrypted Media access has been blocked because of a Feature Policy applied to the current document. See https://crbug.com/414348233 for more details. @ https://player-widget.mixcloud.com/assets/index-DFbmkmY8.js:34
[   67085ms] [ERROR] Permissions policy violation: encrypted-media is not allowed in this document. @ https://player-widget.mixcloud.com/assets/index-DFbmkmY8.js:34
[   67085ms] [WARNING] Encrypted Media access has been blocked because of a Feature Policy applied to the current document. See https://crbug.com/414348233 for more details. @ https://player-widget.mixcloud.com/assets/index-DFbmkmY8.js:34
[   67089ms] [ERROR] Failed to load resource: the server responded with a status of 404 () @ https://player-widget.mixcloud.com/mix-D-rK8BlV-MixcloudWordmarkLogo.svg#use-href-target:0
[   67093ms] [ERROR] Permissions policy violation: encrypted-media is not allowed in this document. @ https://player-widget.mixcloud.com/assets/index-DFbmkmY8.js:34
[   67093ms] [WARNING] Encrypted Media access has been blocked because of a Feature Policy applied to the current document. See https://crbug.com/414348233 for more details. @ https://player-widget.mixcloud.com/assets/index-DFbmkmY8.js:34
[   67093ms] [ERROR] Permissions policy violation: encrypted-media is not allowed in this document. @ https://player-widget.mixcloud.com/assets/index-DFbmkmY8.js:34
[   67093ms] [WARNING] Encrypted Media access has been blocked because of a Feature Policy applied to the current document. See https://crbug.com/414348233 for more details. @ https://player-widget.mixcloud.com/assets/index-DFbmkmY8.js:34
[   67093ms] [ERROR] Permissions policy violation: encrypted-media is not allowed in this document. @ https://player-widget.mixcloud.com/assets/index-DFbmkmY8.js:34
[   67093ms] [WARNING] Encrypted Media access has been blocked because of a Feature Policy applied to the current document. See https://crbug.com/414348233 for more details. @ https://player-widget.mixcloud.com/assets/index-DFbmkmY8.js:34
[   67097ms] [ERROR] Permissions policy violation: encrypted-media is not allowed in this document. @ https://player-widget.mixcloud.com/assets/index-DFbmkmY8.js:34
[   67097ms] [WARNING] Encrypted Media access has been blocked because of a Feature Policy applied to the current document. See https://crbug.com/414348233 for more details. @ https://player-widget.mixcloud.com/assets/index-DFbmkmY8.js:34
[   67097ms] [ERROR] Permissions policy violation: encrypted-media is not allowed in this document. @ https://player-widget.mixcloud.com/assets/index-DFbmkmY8.js:34
[   67097ms] [WARNING] Encrypted Media access has been blocked because of a Feature Policy applied to the current document. See https://crbug.com/414348233 for more details. @ https://player-widget.mixcloud.com/assets/index-DFbmkmY8.js:34
[   67097ms] [ERROR] Permissions policy violation: encrypted-media is not allowed in this document. @ https://player-widget.mixcloud.com/assets/index-DFbmkmY8.js:34
[   67097ms] [WARNING] Encrypted Media access has been blocked because of a Feature Policy applied to the current document. See https://crbug.com/414348233 for more details. @ https://player-widget.mixcloud.com/assets/index-DFbmkmY8.js:34
[   67133ms] [ERROR] Failed to load resource: the server responded with a status of 404 () @ https://player-widget.mixcloud.com/mix-D-rK8BlV-MixcloudWordmarkLogo.svg#use-href-target:0
[   67173ms] [ERROR] Failed to load resource: the server responded with a status of 404 () @ https://player-widget.mixcloud.com/mix-D-rK8BlV-MixcloudWordmarkLogo.svg#use-href-target:0
[   68028ms] [ERROR] Permissions policy violation: encrypted-media is not allowed in this document. @ https://player-widget.mixcloud.com/assets/index-DFbmkmY8.js:34
[   68028ms] [WARNING] Encrypted Media access has been blocked because of a Feature Policy applied to the current document. See https://crbug.com/414348233 for more details. @ https://player-widget.mixcloud.com/assets/index-DFbmkmY8.js:34
[   68028ms] [ERROR] Permissions policy violation: encrypted-media is not allowed in this document. @ https://player-widget.mixcloud.com/assets/index-DFbmkmY8.js:34
[   68028ms] [WARNING] Encrypted Media access has been blocked because of a Feature Policy applied to the current document. See https://crbug.com/414348233 for more details. @ https://player-widget.mixcloud.com/assets/index-DFbmkmY8.js:34
[   68028ms] [ERROR] Permissions policy violation: encrypted-media is not allowed in this document. @ https://player-widget.mixcloud.com/assets/index-DFbmkmY8.js:34
[   68028ms] [WARNING] Encrypted Media access has been blocked because of a Feature Policy applied to the current document. See https://crbug.com/414348233 for more details. @ https://player-widget.mixcloud.com/assets/index-DFbmkmY8.js:34
[   68031ms] [ERROR] Permissions policy violation: encrypted-media is not allowed in this document. @ https://player-widget.mixcloud.com/assets/index-DFbmkmY8.js:34
[   68031ms] [WARNING] Encrypted Media access has been blocked because of a Feature Policy applied to the current document. See https://crbug.com/414348233 for more details. @ https://player-widget.mixcloud.com/assets/index-DFbmkmY8.js:34
[   68031ms] [ERROR] Permissions policy violation: encrypted-media is not allowed in this document. @ https://player-widget.mixcloud.com/assets/index-DFbmkmY8.js:34
[   68031ms] [WARNING] Encrypted Media access has been blocked because of a Feature Policy applied to the current document. See https://crbug.com/414348233 for more details. @ https://player-widget.mixcloud.com/assets/index-DFbmkmY8.js:34
[   68031ms] [ERROR] Permissions policy violation: encrypted-media is not allowed in this document. @ https://player-widget.mixcloud.com/assets/index-DFbmkmY8.js:34
[   68031ms] [WARNING] Encrypted Media access has been blocked because of a Feature Policy applied to the current document. See https://crbug.com/414348233 for more details. @ https://player-widget.mixcloud.com/assets/index-DFbmkmY8.js:34
[   68056ms] [ERROR] Permissions policy violation: encrypted-media is not allowed in this document. @ https://player-widget.mixcloud.com/assets/index-DFbmkmY8.js:34
[   68056ms] [WARNING] Encrypted Media access has been blocked because of a Feature Policy applied to the current document. See https://crbug.com/414348233 for more details. @ https://player-widget.mixcloud.com/assets/index-DFbmkmY8.js:34
[   68056ms] [ERROR] Permissions policy violation: encrypted-media is not allowed in this document. @ https://player-widget.mixcloud.com/assets/index-DFbmkmY8.js:34
[   68056ms] [WARNING] Encrypted Media access has been blocked because of a Feature Policy applied to the current document. See https://crbug.com/414348233 for more details. @ https://player-widget.mixcloud.com/assets/index-DFbmkmY8.js:34
[   68056ms] [ERROR] Permissions policy violation: encrypted-media is not allowed in this document. @ https://player-widget.mixcloud.com/assets/index-DFbmkmY8.js:34
[   68056ms] [WARNING] Encrypted Media access has been blocked because of a Feature Policy applied to the current document. See https://crbug.com/414348233 for more details. @ https://player-widget.mixcloud.com/assets/index-DFbmkmY8.js:34
[   68064ms] [ERROR] Failed to load resource: the server responded with a status of 404 () @ https://player-widget.mixcloud.com/mix-D-rK8BlV-MixcloudWordmarkLogo.svg#use-href-target:0
[   68102ms] [ERROR] Failed to load resource: the server responded with a status of 404 () @ https://player-widget.mixcloud.com/mix-D-rK8BlV-MixcloudWordmarkLogo.svg#use-href-target:0
[   68190ms] [ERROR] Failed to load resource: the server responded with a status of 404 () @ https://player-widget.mixcloud.com/mix-D-rK8BlV-MixcloudWordmarkLogo.svg#use-href-target:0
[   68213ms] [ERROR] Permissions policy violation: encrypted-media is not allowed in this document. @ https://player-widget.mixcloud.com/assets/index-DFbmkmY8.js:34
[   68213ms] [WARNING] Encrypted Media access has been blocked because of a Feature Policy applied to the current document. See https://crbug.com/414348233 for more details. @ https://player-widget.mixcloud.com/assets/index-DFbmkmY8.js:34
[   68213ms] [ERROR] Permissions policy violation: encrypted-media is not allowed in this document. @ https://player-widget.mixcloud.com/assets/index-DFbmkmY8.js:34
[   68213ms] [WARNING] Encrypted Media access has been blocked because of a Feature Policy applied to the current document. See https://crbug.com/414348233 for more details. @ https://player-widget.mixcloud.com/assets/index-DFbmkmY8.js:34
[   68213ms] [ERROR] Permissions policy violation: encrypted-media is not allowed in this document. @ https://player-widget.mixcloud.com/assets/index-DFbmkmY8.js:34
[   68213ms] [WARNING] Encrypted Media access has been blocked because of a Feature Policy applied to the current document. See https://crbug.com/414348233 for more details. @ https://player-widget.mixcloud.com/assets/index-DFbmkmY8.js:34
[   68246ms] [ERROR] Permissions policy violation: encrypted-media is not allowed in this document. @ https://player-widget.mixcloud.com/assets/index-DFbmkmY8.js:34
[   68246ms] [WARNING] Encrypted Media access has been blocked because of a Feature Policy applied to the current document. See https://crbug.com/414348233 for more details. @ https://player-widget.mixcloud.com/assets/index-DFbmkmY8.js:34
[   68246ms] [ERROR] Permissions policy violation: encrypted-media is not allowed in this document. @ https://player-widget.mixcloud.com/assets/index-DFbmkmY8.js:34
[   68246ms] [WARNING] Encrypted Media access has been blocked because of a Feature Policy applied to the current document. See https://crbug.com/414348233 for more details. @ https://player-widget.mixcloud.com/assets/index-DFbmkmY8.js:34
[   68246ms] [ERROR] Permissions policy violation: encrypted-media is not allowed in this document. @ https://player-widget.mixcloud.com/assets/index-DFbmkmY8.js:34
[   68246ms] [WARNING] Encrypted Media access has been blocked because of a Feature Policy applied to the current document. See https://crbug.com/414348233 for more details. @ https://player-widget.mixcloud.com/assets/index-DFbmkmY8.js:34
[   68247ms] [ERROR] Failed to load resource: the server responded with a status of 404 () @ https://player-widget.mixcloud.com/mix-D-rK8BlV-MixcloudWordmarkLogo.svg#use-href-target:0
[   68353ms] [ERROR] Failed to load resource: the server responded with a status of 404 () @ https://player-widget.mixcloud.com/mix-D-rK8BlV-MixcloudWordmarkLogo.svg#use-href-target:0
[   68583ms] [ERROR] Permissions policy violation: encrypted-media is not allowed in this document. @ https://player-widget.mixcloud.com/assets/index-DFbmkmY8.js:34
[   68583ms] [WARNING] Encrypted Media access has been blocked because of a Feature Policy applied to the current document. See https://crbug.com/414348233 for more details. @ https://player-widget.mixcloud.com/assets/index-DFbmkmY8.js:34
[   68583ms] [ERROR] Permissions policy violation: encrypted-media is not allowed in this document. @ https://player-widget.mixcloud.com/assets/index-DFbmkmY8.js:34
[   68583ms] [WARNING] Encrypted Media access has been blocked because of a Feature Policy applied to the current document. See https://crbug.com/414348233 for more details. @ https://player-widget.mixcloud.com/assets/index-DFbmkmY8.js:34
[   68583ms] [ERROR] Permissions policy violation: encrypted-media is not allowed in this document. @ https://player-widget.mixcloud.com/assets/index-DFbmkmY8.js:34
[   68583ms] [WARNING] Encrypted Media access has been blocked because of a Feature Policy applied to the current document. See https://crbug.com/414348233 for more details. @ https://player-widget.mixcloud.com/assets/index-DFbmkmY8.js:34
[   68617ms] [ERROR] Permissions policy violation: encrypted-media is not allowed in this document. @ https://player-widget.mixcloud.com/assets/index-DFbmkmY8.js:34
[   68617ms] [WARNING] Encrypted Media access has been blocked because of a Feature Policy applied to the current document. See https://crbug.com/414348233 for more details. @ https://player-widget.mixcloud.com/assets/index-DFbmkmY8.js:34
[   68617ms] [ERROR] Permissions policy violation: encrypted-media is not allowed in this document. @ https://player-widget.mixcloud.com/assets/index-DFbmkmY8.js:34
[   68617ms] [WARNING] Encrypted Media access has been blocked because of a Feature Policy applied to the current document. See https://crbug.com/414348233 for more details. @ https://player-widget.mixcloud.com/assets/index-DFbmkmY8.js:34
[   68617ms] [ERROR] Permissions policy violation: encrypted-media is not allowed in this document. @ https://player-widget.mixcloud.com/assets/index-DFbmkmY8.js:34
[   68617ms] [WARNING] Encrypted Media access has been blocked because of a Feature Policy applied to the current document. See https://crbug.com/414348233 for more details. @ https://player-widget.mixcloud.com/assets/index-DFbmkmY8.js:34
[   68620ms] [ERROR] Failed to load resource: the server responded with a status of 404 () @ https://player-widget.mixcloud.com/mix-D-rK8BlV-MixcloudWordmarkLogo.svg#use-href-target:0
[   68650ms] [ERROR] Permissions policy violation: encrypted-media is not allowed in this document. @ https://player-widget.mixcloud.com/assets/index-DFbmkmY8.js:34
[   68650ms] [WARNING] Encrypted Media access has been blocked because of a Feature Policy applied to the current document. See https://crbug.com/414348233 for more details. @ https://player-widget.mixcloud.com/assets/index-DFbmkmY8.js:34
[   68650ms] [ERROR] Permissions policy violation: encrypted-media is not allowed in this document. @ https://player-widget.mixcloud.com/assets/index-DFbmkmY8.js:34
[   68650ms] [WARNING] Encrypted Media access has been blocked because of a Feature Policy applied to the current document. See https://crbug.com/414348233 for more details. @ https://player-widget.mixcloud.com/assets/index-DFbmkmY8.js:34
[   68650ms] [ERROR] Permissions policy violation: encrypted-media is not allowed in this document. @ https://player-widget.mixcloud.com/assets/index-DFbmkmY8.js:34
[   68650ms] [WARNING] Encrypted Media access has been blocked because of a Feature Policy applied to the current document. See https://crbug.com/414348233 for more details. @ https://player-widget.mixcloud.com/assets/index-DFbmkmY8.js:34
[   68653ms] [ERROR] Permissions policy violation: encrypted-media is not allowed in this document. @ https://player-widget.mixcloud.com/assets/index-DFbmkmY8.js:34
[   68653ms] [WARNING] Encrypted Media access has been blocked because of a Feature Policy applied to the current document. See https://crbug.com/414348233 for more details. @ https://player-widget.mixcloud.com/assets/index-DFbmkmY8.js:34
[   68653ms] [ERROR] Permissions policy violation: encrypted-media is not allowed in this document. @ https://player-widget.mixcloud.com/assets/index-DFbmkmY8.js:34
[   68653ms] [WARNING] Encrypted Media access has been blocked because of a Feature Policy applied to the current document. See https://crbug.com/414348233 for more details. @ https://player-widget.mixcloud.com/assets/index-DFbmkmY8.js:34
[   68653ms] [ERROR] Permissions policy violation: encrypted-media is not allowed in this document. @ https://player-widget.mixcloud.com/assets/index-DFbmkmY8.js:34
[   68653ms] [WARNING] Encrypted Media access has been blocked because of a Feature Policy applied to the current document. See https://crbug.com/414348233 for more details. @ https://player-widget.mixcloud.com/assets/index-DFbmkmY8.js:34
[   68659ms] [ERROR] Failed to load resource: the server responded with a status of 404 () @ https://player-widget.mixcloud.com/mix-D-rK8BlV-MixcloudWordmarkLogo.svg#use-href-target:0
[   68703ms] [ERROR] Failed to load resource: the server responded with a status of 404 () @ https://player-widget.mixcloud.com/mix-D-rK8BlV-MixcloudWordmarkLogo.svg#use-href-target:0
[   67060ms] [ERROR] Permissions policy violation: encrypted-media is not allowed in this document. @ https://player-widget.mixcloud.com/assets/index-DFbmkmY8.js:34
[   67060ms] [WARNING] Encrypted Media access has been blocked because of a Feature Policy applied to the current document. See https://crbug.com/414348233 for more details. @ https://player-widget.mixcloud.com/assets/index-DFbmkmY8.js:34
[   67060ms] [ERROR] Permissions policy violation: encrypted-media is not allowed in this document. @ https://player-widget.mixcloud.com/assets/index-DFbmkmY8.js:34
[   67060ms] [WARNING] Encrypted Media access has been blocked because of a Feature Policy applied to the current document. See https://crbug.com/414348233 for more details. @ https://player-widget.mixcloud.com/assets/index-DFbmkmY8.js:34
[   67061ms] [ERROR] Permissions policy violation: encrypted-media is not allowed in this document. @ https://player-widget.mixcloud.com/assets/index-DFbmkmY8.js:34
[   67061ms] [WARNING] Encrypted Media access has been blocked because of a Feature Policy applied to the current document. See https://crbug.com/414348233 for more details. @ https://player-widget.mixcloud.com/assets/index-DFbmkmY8.js:34
[   67064ms] [ERROR] Permissions policy violation: encrypted-media is not allowed in this document. @ https://player-widget.mixcloud.com/assets/index-DFbmkmY8.js:34
[   67064ms] [WARNING] Encrypted Media access has been blocked because of a Feature Policy applied to the current document. See https://crbug.com/414348233 for more details. @ https://player-widget.mixcloud.com/assets/index-DFbmkmY8.js:34
[   67064ms] [ERROR] Permissions policy violation: encrypted-media is not allowed in this document. @ https://player-widget.mixcloud.com/assets/index-DFbmkmY8.js:34
[   67064ms] [WARNING] Encrypted Media access has been blocked because of a Feature Policy applied to the current document. See https://crbug.com/414348233 for more details. @ https://player-widget.mixcloud.com/assets/index-DFbmkmY8.js:34
[   67064ms] [ERROR] Permissions policy violation: encrypted-media is not allowed in this document. @ https://player-widget.mixcloud.com/assets/index-DFbmkmY8.js:34
[   67064ms] [WARNING] Encrypted Media access has been blocked because of a Feature Policy applied to the current document. See https://crbug.com/414348233 for more details. @ https://player-widget.mixcloud.com/assets/index-DFbmkmY8.js:34
[   67068ms] [ERROR] Permissions policy violation: encrypted-media is not allowed in this document. @ https://player-widget.mixcloud.com/assets/index-DFbmkmY8.js:34
[   67068ms] [WARNING] Encrypted Media access has been blocked because of a Feature Policy applied to the current document. See https://crbug.com/414348233 for more details. @ https://player-widget.mixcloud.com/assets/index-DFbmkmY8.js:34
[   67068ms] [ERROR] Permissions policy violation: encrypted-media is not allowed in this document. @ https://player-widget.mixcloud.com/assets/index-DFbmkmY8.js:34
[   67068ms] [WARNING] Encrypted Media access has been blocked because of a Feature Policy applied to the current document. See https://crbug.com/414348233 for more details. @ https://player-widget.mixcloud.com/assets/index-DFbmkmY8.js:34
[   67068ms] [ERROR] Permissions policy violation: encrypted-media is not allowed in this document. @ https://player-widget.mixcloud.com/assets/index-DFbmkmY8.js:34
[   67068ms] [WARNING] Encrypted Media access has been blocked because of a Feature Policy applied to the current document. See https://crbug.com/414348233 for more details. @ https://player-widget.mixcloud.com/assets/index-DFbmkmY8.js:34
[   67071ms] [ERROR] Permissions policy violation: encrypted-media is not allowed in this document. @ https://player-widget.mixcloud.com/assets/index-DFbmkmY8.js:34
[   67071ms] [WARNING] Encrypted Media access has been blocked because of a Feature Policy applied to the current document. See https://crbug.com/414348233 for more details. @ https://player-widget.mixcloud.com/assets/index-DFbmkmY8.js:34
[   67071ms] [ERROR] Permissions policy violation: encrypted-media is not allowed in this document. @ https://player-widget.mixcloud.com/assets/index-DFbmkmY8.js:34
[   67071ms] [WARNING] Encrypted Media access has been blocked because of a Feature Policy applied to the current document. See https://crbug.com/414348233 for more details. @ https://player-widget.mixcloud.com/assets/index-DFbmkmY8.js:34
[   67071ms] [ERROR] Permissions policy violation: encrypted-media is not allowed in this document. @ https://player-widget.mixcloud.com/assets/index-DFbmkmY8.js:34
[   67071ms] [WARNING] Encrypted Media access has been blocked because of a Feature Policy applied to the current document. See https://crbug.com/414348233 for more details. @ https://player-widget.mixcloud.com/assets/index-DFbmkmY8.js:34
[   67075ms] [ERROR] Permissions policy violation: encrypted-media is not allowed in this document. @ https://player-widget.mixcloud.com/assets/index-DFbmkmY8.js:34
[   67075ms] [WARNING] Encrypted Media access has been blocked because of a Feature Policy applied to the current document. See https://crbug.com/414348233 for more details. @ https://player-widget.mixcloud.com/assets/index-DFbmkmY8.js:34
[   67075ms] [ERROR] Permissions policy violation: encrypted-media is not allowed in this document. @ https://player-widget.mixcloud.com/assets/index-DFbmkmY8.js:34
[   67075ms] [WARNING] Encrypted Media access has been blocked because of a Feature Policy applied to the current document. See https://crbug.com/414348233 for more details. @ https://player-widget.mixcloud.com/assets/index-DFbmkmY8.js:34
[   67075ms] [ERROR] Permissions policy violation: encrypted-media is not allowed in this document. @ https://player-widget.mixcloud.com/assets/index-DFbmkmY8.js:34
[   67075ms] [WARNING] Encrypted Media access has been blocked because of a Feature Policy applied to the current document. See https://crbug.com/414348233 for more details. @ https://player-widget.mixcloud.com/assets/index-DFbmkmY8.js:34
[   67079ms] [ERROR] Permissions policy violation: encrypted-media is not allowed in this document. @ https://player-widget.mixcloud.com/assets/index-DFbmkmY8.js:34
[   67079ms] [WARNING] Encrypted Media access has been blocked because of a Feature Policy applied to the current document. See https://crbug.com/414348233 for more details. @ https://player-widget.mixcloud.com/assets/index-DFbmkmY8.js:34
[   67079ms] [ERROR] Permissions policy violation: encrypted-media is not allowed in this document. @ https://player-widget.mixcloud.com/assets/index-DFbmkmY8.js:34
[   67079ms] [WARNING] Encrypted Media access has been blocked because of a Feature Policy applied to the current document. See https://crbug.com/414348233 for more details. @ https://player-widget.mixcloud.com/assets/index-DFbmkmY8.js:34
[   67079ms] [ERROR] Permissions policy violation: encrypted-media is not allowed in this document. @ https://player-widget.mixcloud.com/assets/index-DFbmkmY8.js:34
[   67079ms] [WARNING] Encrypted Media access has been blocked because of a Feature Policy applied to the current document. See https://crbug.com/414348233 for more details. @ https://player-widget.mixcloud.com/assets/index-DFbmkmY8.js:34
[   67085ms] [ERROR] Permissions policy violation: encrypted-media is not allowed in this document. @ https://player-widget.mixcloud.com/assets/index-DFbmkmY8.js:34
[   67085ms] [WARNING] Encrypted Media access has been blocked because of a Feature Policy applied to the current document. See https://crbug.com/414348233 for more details. @ https://player-widget.mixcloud.com/assets/index-DFbmkmY8.js:34
[   67085ms] [ERROR] Permissions policy violation: encrypted-media is not allowed in this document. @ https://player-widget.mixcloud.com/assets/index-DFbmkmY8.js:34
[   67085ms] [WARNING] Encrypted Media access has been blocked because of a Feature Policy applied to the current document. See https://crbug.com/414348233 for more details. @ https://player-widget.mixcloud.com/assets/index-DFbmkmY8.js:34
[   67085ms] [ERROR] Permissions policy violation: encrypted-media is not allowed in this document. @ https://player-widget.mixcloud.com/assets/index-DFbmkmY8.js:34
[   67085ms] [WARNING] Encrypted Media access has been blocked because of a Feature Policy applied to the current document. See https://crbug.com/414348233 for more details. @ https://player-widget.mixcloud.com/assets/index-DFbmkmY8.js:34
[   67089ms] [ERROR] Failed to load resource: the server responded with a status of 404 () @ https://player-widget.mixcloud.com/mix-D-rK8BlV-MixcloudWordmarkLogo.svg#use-href-target:0
[   67093ms] [ERROR] Permissions policy violation: encrypted-media is not allowed in this document. @ https://player-widget.mixcloud.com/assets/index-DFbmkmY8.js:34
[   67093ms] [WARNING] Encrypted Media access has been blocked because of a Feature Policy applied to the current document. See https://crbug.com/414348233 for more details. @ https://player-widget.mixcloud.com/assets/index-DFbmkmY8.js:34
[   67093ms] [ERROR] Permissions policy violation: encrypted-media is not allowed in this document. @ https://player-widget.mixcloud.com/assets/index-DFbmkmY8.js:34
[   67093ms] [WARNING] Encrypted Media access has been blocked because of a Feature Policy applied to the current document. See https://crbug.com/414348233 for more details. @ https://player-widget.mixcloud.com/assets/index-DFbmkmY8.js:34
[   67093ms] [ERROR] Permissions policy violation: encrypted-media is not allowed in this document. @ https://player-widget.mixcloud.com/assets/index-DFbmkmY8.js:34
[   67093ms] [WARNING] Encrypted Media access has been blocked because of a Feature Policy applied to the current document. See https://crbug.com/414348233 for more details. @ https://player-widget.mixcloud.com/assets/index-DFbmkmY8.js:34
[   67097ms] [ERROR] Permissions policy violation: encrypted-media is not allowed in this document. @ https://player-widget.mixcloud.com/assets/index-DFbmkmY8.js:34
[   67097ms] [WARNING] Encrypted Media access has been blocked because of a Feature Policy applied to the current document. See https://crbug.com/414348233 for more details. @ https://player-widget.mixcloud.com/assets/index-DFbmkmY8.js:34
[   67097ms] [ERROR] Permissions policy violation: encrypted-media is not allowed in this document. @ https://player-widget.mixcloud.com/assets/index-DFbmkmY8.js:34
[   67097ms] [WARNING] Encrypted Media access has been blocked because of a Feature Policy applied to the current document. See https://crbug.com/414348233 for more details. @ https://player-widget.mixcloud.com/assets/index-DFbmkmY8.js:34
[   67097ms] [ERROR] Permissions policy violation: encrypted-media is not allowed in this document. @ https://player-widget.mixcloud.com/assets/index-DFbmkmY8.js:34
[   67097ms] [WARNING] Encrypted Media access has been blocked because of a Feature Policy applied to the current document. See https://crbug.com/414348233 for more details. @ https://player-widget.mixcloud.com/assets/index-DFbmkmY8.js:34
[   67133ms] [ERROR] Failed to load resource: the server responded with a status of 404 () @ https://player-widget.mixcloud.com/mix-D-rK8BlV-MixcloudWordmarkLogo.svg#use-href-target:0
[   67173ms] [ERROR] Failed to load resource: the server responded with a status of 404 () @ https://player-widget.mixcloud.com/mix-D-rK8BlV-MixcloudWordmarkLogo.svg#use-href-target:0
[   68028ms] [ERROR] Permissions policy violation: encrypted-media is not allowed in this document. @ https://player-widget.mixcloud.com/assets/index-DFbmkmY8.js:34
[   68028ms] [WARNING] Encrypted Media access has been blocked because of a Feature Policy applied to the current document. See https://crbug.com/414348233 for more details. @ https://player-widget.mixcloud.com/assets/index-DFbmkmY8.js:34
[   68028ms] [ERROR] Permissions policy violation: encrypted-media is not allowed in this document. @ https://player-widget.mixcloud.com/assets/index-DFbmkmY8.js:34
[   68028ms] [WARNING] Encrypted Media access has been blocked because of a Feature Policy applied to the current document. See https://crbug.com/414348233 for more details. @ https://player-widget.mixcloud.com/assets/index-DFbmkmY8.js:34
[   68028ms] [ERROR] Permissions policy violation: encrypted-media is not allowed in this document. @ https://player-widget.mixcloud.com/assets/index-DFbmkmY8.js:34
[   68028ms] [WARNING] Encrypted Media access has been blocked because of a Feature Policy applied to the current document. See https://crbug.com/414348233 for more details. @ https://player-widget.mixcloud.com/assets/index-DFbmkmY8.js:34
[   68031ms] [ERROR] Permissions policy violation: encrypted-media is not allowed in this document. @ https://player-widget.mixcloud.com/assets/index-DFbmkmY8.js:34
[   68031ms] [WARNING] Encrypted Media access has been blocked because of a Feature Policy applied to the current document. See https://crbug.com/414348233 for more details. @ https://player-widget.mixcloud.com/assets/index-DFbmkmY8.js:34
[   68031ms] [ERROR] Permissions policy violation: encrypted-media is not allowed in this document. @ https://player-widget.mixcloud.com/assets/index-DFbmkmY8.js:34
[   68031ms] [WARNING] Encrypted Media access has been blocked because of a Feature Policy applied to the current document. See https://crbug.com/414348233 for more details. @ https://player-widget.mixcloud.com/assets/index-DFbmkmY8.js:34
[   68031ms] [ERROR] Permissions policy violation: encrypted-media is not allowed in this document. @ https://player-widget.mixcloud.com/assets/index-DFbmkmY8.js:34
[   68031ms] [WARNING] Encrypted Media access has been blocked because of a Feature Policy applied to the current document. See https://crbug.com/414348233 for more details. @ https://player-widget.mixcloud.com/assets/index-DFbmkmY8.js:34
[   68056ms] [ERROR] Permissions policy violation: encrypted-media is not allowed in this document. @ https://player-widget.mixcloud.com/assets/index-DFbmkmY8.js:34
[   68056ms] [WARNING] Encrypted Media access has been blocked because of a Feature Policy applied to the current document. See https://crbug.com/414348233 for more details. @ https://player-widget.mixcloud.com/assets/index-DFbmkmY8.js:34
[   68056ms] [ERROR] Permissions policy violation: encrypted-media is not allowed in this document. @ https://player-widget.mixcloud.com/assets/index-DFbmkmY8.js:34
[   68056ms] [WARNING] Encrypted Media access has been blocked because of a Feature Policy applied to the current document. See https://crbug.com/414348233 for more details. @ https://player-widget.mixcloud.com/assets/index-DFbmkmY8.js:34
[   68056ms] [ERROR] Permissions policy violation: encrypted-media is not allowed in this document. @ https://player-widget.mixcloud.com/assets/index-DFbmkmY8.js:34
[   68056ms] [WARNING] Encrypted Media access has been blocked because of a Feature Policy applied to the current document. See https://crbug.com/414348233 for more details. @ https://player-widget.mixcloud.com/assets/index-DFbmkmY8.js:34
[   68064ms] [ERROR] Failed to load resource: the server responded with a status of 404 () @ https://player-widget.mixcloud.com/mix-D-rK8BlV-MixcloudWordmarkLogo.svg#use-href-target:0
[   68102ms] [ERROR] Failed to load resource: the server responded with a status of 404 () @ https://player-widget.mixcloud.com/mix-D-rK8BlV-MixcloudWordmarkLogo.svg#use-href-target:0
[   68190ms] [ERROR] Failed to load resource: the server responded with a status of 404 () @ https://player-widget.mixcloud.com/mix-D-rK8BlV-MixcloudWordmarkLogo.svg#use-href-target:0
[   68213ms] [ERROR] Permissions policy violation: encrypted-media is not allowed in this document. @ https://player-widget.mixcloud.com/assets/index-DFbmkmY8.js:34
[   68213ms] [WARNING] Encrypted Media access has been blocked because of a Feature Policy applied to the current document. See https://crbug.com/414348233 for more details. @ https://player-widget.mixcloud.com/assets/index-DFbmkmY8.js:34
[   68213ms] [ERROR] Permissions policy violation: encrypted-media is not allowed in this document. @ https://player-widget.mixcloud.com/assets/index-DFbmkmY8.js:34
[   68213ms] [WARNING] Encrypted Media access has been blocked because of a Feature Policy applied to the current document. See https://crbug.com/414348233 for more details. @ https://player-widget.mixcloud.com/assets/index-DFbmkmY8.js:34
[   68213ms] [ERROR] Permissions policy violation: encrypted-media is not allowed in this document. @ https://player-widget.mixcloud.com/assets/index-DFbmkmY8.js:34
[   68213ms] [WARNING] Encrypted Media access has been blocked because of a Feature Policy applied to the current document. See https://crbug.com/414348233 for more details. @ https://player-widget.mixcloud.com/assets/index-DFbmkmY8.js:34
[   68246ms] [ERROR] Permissions policy violation: encrypted-media is not allowed in this document. @ https://player-widget.mixcloud.com/assets/index-DFbmkmY8.js:34
[   68246ms] [WARNING] Encrypted Media access has been blocked because of a Feature Policy applied to the current document. See https://crbug.com/414348233 for more details. @ https://player-widget.mixcloud.com/assets/index-DFbmkmY8.js:34
[   68246ms] [ERROR] Permissions policy violation: encrypted-media is not allowed in this document. @ https://player-widget.mixcloud.com/assets/index-DFbmkmY8.js:34
[   68246ms] [WARNING] Encrypted Media access has been blocked because of a Feature Policy applied to the current document. See https://crbug.com/414348233 for more details. @ https://player-widget.mixcloud.com/assets/index-DFbmkmY8.js:34
[   68246ms] [ERROR] Permissions policy violation: encrypted-media is not allowed in this document. @ https://player-widget.mixcloud.com/assets/index-DFbmkmY8.js:34
[   68246ms] [WARNING] Encrypted Media access has been blocked because of a Feature Policy applied to the current document. See https://crbug.com/414348233 for more details. @ https://player-widget.mixcloud.com/assets/index-DFbmkmY8.js:34
[   68247ms] [ERROR] Failed to load resource: the server responded with a status of 404 () @ https://player-widget.mixcloud.com/mix-D-rK8BlV-MixcloudWordmarkLogo.svg#use-href-target:0
[   68353ms] [ERROR] Failed to load resource: the server responded with a status of 404 () @ https://player-widget.mixcloud.com/mix-D-rK8BlV-MixcloudWordmarkLogo.svg#use-href-target:0
[   68583ms] [ERROR] Permissions policy violation: encrypted-media is not allowed in this document. @ https://player-widget.mixcloud.com/assets/index-DFbmkmY8.js:34
[   68583ms] [WARNING] Encrypted Media access has been blocked because of a Feature Policy applied to the current document. See https://crbug.com/414348233 for more details. @ https://player-widget.mixcloud.com/assets/index-DFbmkmY8.js:34
[   68583ms] [ERROR] Permissions policy violation: encrypted-media is not allowed in this document. @ https://player-widget.mixcloud.com/assets/index-DFbmkmY8.js:34
[   68583ms] [WARNING] Encrypted Media access has been blocked because of a Feature Policy applied to the current document. See https://crbug.com/414348233 for more details. @ https://player-widget.mixcloud.com/assets/index-DFbmkmY8.js:34
[   68583ms] [ERROR] Permissions policy violation: encrypted-media is not allowed in this document. @ https://player-widget.mixcloud.com/assets/index-DFbmkmY8.js:34
[   68583ms] [WARNING] Encrypted Media access has been blocked because of a Feature Policy applied to the current document. See https://crbug.com/414348233 for more details. @ https://player-widget.mixcloud.com/assets/index-DFbmkmY8.js:34
[   68617ms] [ERROR] Permissions policy violation: encrypted-media is not allowed in this document. @ https://player-widget.mixcloud.com/assets/index-DFbmkmY8.js:34
[   68617ms] [WARNING] Encrypted Media access has been blocked because of a Feature Policy applied to the current document. See https://crbug.com/414348233 for more details. @ https://player-widget.mixcloud.com/assets/index-DFbmkmY8.js:34
[   68617ms] [ERROR] Permissions policy violation: encrypted-media is not allowed in this document. @ https://player-widget.mixcloud.com/assets/index-DFbmkmY8.js:34
[   68617ms] [WARNING] Encrypted Media access has been blocked because of a Feature Policy applied to the current document. See https://crbug.com/414348233 for more details. @ https://player-widget.mixcloud.com/assets/index-DFbmkmY8.js:34
[   68617ms] [ERROR] Permissions policy violation: encrypted-media is not allowed in this document. @ https://player-widget.mixcloud.com/assets/index-DFbmkmY8.js:34
[   68617ms] [WARNING] Encrypted Media access has been blocked because of a Feature Policy applied to the current document. See https://crbug.com/414348233 for more details. @ https://player-widget.mixcloud.com/assets/index-DFbmkmY8.js:34
[   68620ms] [ERROR] Failed to load resource: the server responded with a status of 404 () @ https://player-widget.mixcloud.com/mix-D-rK8BlV-MixcloudWordmarkLogo.svg#use-href-target:0
[   68650ms] [ERROR] Permissions policy violation: encrypted-media is not allowed in this document. @ https://player-widget.mixcloud.com/assets/index-DFbmkmY8.js:34
[   68650ms] [WARNING] Encrypted Media access has been blocked because of a Feature Policy applied to the current document. See https://crbug.com/414348233 for more details. @ https://player-widget.mixcloud.com/assets/index-DFbmkmY8.js:34
[   68650ms] [ERROR] Permissions policy violation: encrypted-media is not allowed in this document. @ https://player-widget.mixcloud.com/assets/index-DFbmkmY8.js:34
[   68650ms] [WARNING] Encrypted Media access has been blocked because of a Feature Policy applied to the current document. See https://crbug.com/414348233 for more details. @ https://player-widget.mixcloud.com/assets/index-DFbmkmY8.js:34
[   68650ms] [ERROR] Permissions policy violation: encrypted-media is not allowed in this document. @ https://player-widget.mixcloud.com/assets/index-DFbmkmY8.js:34
[   68650ms] [WARNING] Encrypted Media access has been blocked because of a Feature Policy applied to the current document. See https://crbug.com/414348233 for more details. @ https://player-widget.mixcloud.com/assets/index-DFbmkmY8.js:34
[   68653ms] [ERROR] Permissions policy violation: encrypted-media is not allowed in this document. @ https://player-widget.mixcloud.com/assets/index-DFbmkmY8.js:34
[   68653ms] [WARNING] Encrypted Media access has been blocked because of a Feature Policy applied to the current document. See https://crbug.com/414348233 for more details. @ https://player-widget.mixcloud.com/assets/index-DFbmkmY8.js:34
[   68653ms] [ERROR] Permissions policy violation: encrypted-media is not allowed in this document. @ https://player-widget.mixcloud.com/assets/index-DFbmkmY8.js:34
[   68653ms] [WARNING] Encrypted Media access has been blocked because of a Feature Policy applied to the current document. See https://crbug.com/414348233 for more details. @ https://player-widget.mixcloud.com/assets/index-DFbmkmY8.js:34
[   68653ms] [ERROR] Permissions policy violation: encrypted-media is not allowed in this document. @ https://player-widget.mixcloud.com/assets/index-DFbmkmY8.js:34
[   68653ms] [WARNING] Encrypted Media access has been blocked because of a Feature Policy applied to the current document. See https://crbug.com/414348233 for more details. @ https://player-widget.mixcloud.com/assets/index-DFbmkmY8.js:34
[   68659ms] [ERROR] Failed to load resource: the server responded with a status of 404 () @ https://player-widget.mixcloud.com/mix-D-rK8BlV-MixcloudWordmarkLogo.svg#use-href-target:0
[   68703ms] [ERROR] Failed to load resource: the server responded with a status of 404 () @ https://player-widget.mixcloud.com/mix-D-rK8BlV-MixcloudWordmarkLogo.svg#use-href-target:0
[   67060ms] [ERROR] Permissions policy violation: encrypted-media is not allowed in this document. @ https://player-widget.mixcloud.com/assets/index-DFbmkmY8.js:34
[   67060ms] [WARNING] Encrypted Media access has been blocked because of a Feature Policy applied to the current document. See https://crbug.com/414348233 for more details. @ https://player-widget.mixcloud.com/assets/index-DFbmkmY8.js:34
[   67060ms] [ERROR] Permissions policy violation: encrypted-media is not allowed in this document. @ https://player-widget.mixcloud.com/assets/index-DFbmkmY8.js:34
[   67060ms] [WARNING] Encrypted Media access has been blocked because of a Feature Policy applied to the current document. See https://crbug.com/414348233 for more details. @ https://player-widget.mixcloud.com/assets/index-DFbmkmY8.js:34
[   67061ms] [ERROR] Permissions policy violation: encrypted-media is not allowed in this document. @ https://player-widget.mixcloud.com/assets/index-DFbmkmY8.js:34
[   67061ms] [WARNING] Encrypted Media access has been blocked because of a Feature Policy applied to the current document. See https://crbug.com/414348233 for more details. @ https://player-widget.mixcloud.com/assets/index-DFbmkmY8.js:34
[   67064ms] [ERROR] Permissions policy violation: encrypted-media is not allowed in this document. @ https://player-widget.mixcloud.com/assets/index-DFbmkmY8.js:34
[   67064ms] [WARNING] Encrypted Media access has been blocked because of a Feature Policy applied to the current document. See https://crbug.com/414348233 for more details. @ https://player-widget.mixcloud.com/assets/index-DFbmkmY8.js:34
[   67064ms] [ERROR] Permissions policy violation: encrypted-media is not allowed in this document. @ https://player-widget.mixcloud.com/assets/index-DFbmkmY8.js:34
[   67064ms] [WARNING] Encrypted Media access has been blocked because of a Feature Policy applied to the current document. See https://crbug.com/414348233 for more details. @ https://player-widget.mixcloud.com/assets/index-DFbmkmY8.js:34
[   67064ms] [ERROR] Permissions policy violation: encrypted-media is not allowed in this document. @ https://player-widget.mixcloud.com/assets/index-DFbmkmY8.js:34
[   67064ms] [WARNING] Encrypted Media access has been blocked because of a Feature Policy applied to the current document. See https://crbug.com/414348233 for more details. @ https://player-widget.mixcloud.com/assets/index-DFbmkmY8.js:34
[   67068ms] [ERROR] Permissions policy violation: encrypted-media is not allowed in this document. @ https://player-widget.mixcloud.com/assets/index-DFbmkmY8.js:34
[   67068ms] [WARNING] Encrypted Media access has been blocked because of a Feature Policy applied to the current document. See https://crbug.com/414348233 for more details. @ https://player-widget.mixcloud.com/assets/index-DFbmkmY8.js:34
[   67068ms] [ERROR] Permissions policy violation: encrypted-media is not allowed in this document. @ https://player-widget.mixcloud.com/assets/index-DFbmkmY8.js:34
[   67068ms] [WARNING] Encrypted Media access has been blocked because of a Feature Policy applied to the current document. See https://crbug.com/414348233 for more details. @ https://player-widget.mixcloud.com/assets/index-DFbmkmY8.js:34
[   67068ms] [ERROR] Permissions policy violation: encrypted-media is not allowed in this document. @ https://player-widget.mixcloud.com/assets/index-DFbmkmY8.js:34
[   67068ms] [WARNING] Encrypted Media access has been blocked because of a Feature Policy applied to the current document. See https://crbug.com/414348233 for more details. @ https://player-widget.mixcloud.com/assets/index-DFbmkmY8.js:34
[   67071ms] [ERROR] Permissions policy violation: encrypted-media is not allowed in this document. @ https://player-widget.mixcloud.com/assets/index-DFbmkmY8.js:34
[   67071ms] [WARNING] Encrypted Media access has been blocked because of a Feature Policy applied to the current document. See https://crbug.com/414348233 for more details. @ https://player-widget.mixcloud.com/assets/index-DFbmkmY8.js:34
[   67071ms] [ERROR] Permissions policy violation: encrypted-media is not allowed in this document. @ https://player-widget.mixcloud.com/assets/index-DFbmkmY8.js:34
[   67071ms] [WARNING] Encrypted Media access has been blocked because of a Feature Policy applied to the current document. See https://crbug.com/414348233 for more details. @ https://player-widget.mixcloud.com/assets/index-DFbmkmY8.js:34
[   67071ms] [ERROR] Permissions policy violation: encrypted-media is not allowed in this document. @ https://player-widget.mixcloud.com/assets/index-DFbmkmY8.js:34
[   67071ms] [WARNING] Encrypted Media access has been blocked because of a Feature Policy applied to the current document. See https://crbug.com/414348233 for more details. @ https://player-widget.mixcloud.com/assets/index-DFbmkmY8.js:34
[   67075ms] [ERROR] Permissions policy violation: encrypted-media is not allowed in this document. @ https://player-widget.mixcloud.com/assets/index-DFbmkmY8.js:34
[   67075ms] [WARNING] Encrypted Media access has been blocked because of a Feature Policy applied to the current document. See https://crbug.com/414348233 for more details. @ https://player-widget.mixcloud.com/assets/index-DFbmkmY8.js:34
[   67075ms] [ERROR] Permissions policy violation: encrypted-media is not allowed in this document. @ https://player-widget.mixcloud.com/assets/index-DFbmkmY8.js:34
[   67075ms] [WARNING] Encrypted Media access has been blocked because of a Feature Policy applied to the current document. See https://crbug.com/414348233 for more details. @ https://player-widget.mixcloud.com/assets/index-DFbmkmY8.js:34
[   67075ms] [ERROR] Permissions policy violation: encrypted-media is not allowed in this document. @ https://player-widget.mixcloud.com/assets/index-DFbmkmY8.js:34
[   67075ms] [WARNING] Encrypted Media access has been blocked because of a Feature Policy applied to the current document. See https://crbug.com/414348233 for more details. @ https://player-widget.mixcloud.com/assets/index-DFbmkmY8.js:34
[   67079ms] [ERROR] Permissions policy violation: encrypted-media is not allowed in this document. @ https://player-widget.mixcloud.com/assets/index-DFbmkmY8.js:34
[   67079ms] [WARNING] Encrypted Media access has been blocked because of a Feature Policy applied to the current document. See https://crbug.com/414348233 for more details. @ https://player-widget.mixcloud.com/assets/index-DFbmkmY8.js:34
[   67079ms] [ERROR] Permissions policy violation: encrypted-media is not allowed in this document. @ https://player-widget.mixcloud.com/assets/index-DFbmkmY8.js:34
[   67079ms] [WARNING] Encrypted Media access has been blocked because of a Feature Policy applied to the current document. See https://crbug.com/414348233 for more details. @ https://player-widget.mixcloud.com/assets/index-DFbmkmY8.js:34
[   67079ms] [ERROR] Permissions policy violation: encrypted-media is not allowed in this document. @ https://player-widget.mixcloud.com/assets/index-DFbmkmY8.js:34
[   67079ms] [WARNING] Encrypted Media access has been blocked because of a Feature Policy applied to the current document. See https://crbug.com/414348233 for more details. @ https://player-widget.mixcloud.com/assets/index-DFbmkmY8.js:34
[   67085ms] [ERROR] Permissions policy violation: encrypted-media is not allowed in this document. @ https://player-widget.mixcloud.com/assets/index-DFbmkmY8.js:34
[   67085ms] [WARNING] Encrypted Media access has been blocked because of a Feature Policy applied to the current document. See https://crbug.com/414348233 for more details. @ https://player-widget.mixcloud.com/assets/index-DFbmkmY8.js:34
[   67085ms] [ERROR] Permissions policy violation: encrypted-media is not allowed in this document. @ https://player-widget.mixcloud.com/assets/index-DFbmkmY8.js:34
[   67085ms] [WARNING] Encrypted Media access has been blocked because of a Feature Policy applied to the current document. See https://crbug.com/414348233 for more details. @ https://player-widget.mixcloud.com/assets/index-DFbmkmY8.js:34
[   67085ms] [ERROR] Permissions policy violation: encrypted-media is not allowed in this document. @ https://player-widget.mixcloud.com/assets/index-DFbmkmY8.js:34
[   67085ms] [WARNING] Encrypted Media access has been blocked because of a Feature Policy applied to the current document. See https://crbug.com/414348233 for more details. @ https://player-widget.mixcloud.com/assets/index-DFbmkmY8.js:34
[   67089ms] [ERROR] Failed to load resource: the server responded with a status of 404 () @ https://player-widget.mixcloud.com/mix-D-rK8BlV-MixcloudWordmarkLogo.svg#use-href-target:0
[   67093ms] [ERROR] Permissions policy violation: encrypted-media is not allowed in this document. @ https://player-widget.mixcloud.com/assets/index-DFbmkmY8.js:34
[   67093ms] [WARNING] Encrypted Media access has been blocked because of a Feature Policy applied to the current document. See https://crbug.com/414348233 for more details. @ https://player-widget.mixcloud.com/assets/index-DFbmkmY8.js:34
[   67093ms] [ERROR] Permissions policy violation: encrypted-media is not allowed in this document. @ https://player-widget.mixcloud.com/assets/index-DFbmkmY8.js:34
[   67093ms] [WARNING] Encrypted Media access has been blocked because of a Feature Policy applied to the current document. See https://crbug.com/414348233 for more details. @ https://player-widget.mixcloud.com/assets/index-DFbmkmY8.js:34
[   67093ms] [ERROR] Permissions policy violation: encrypted-media is not allowed in this document. @ https://player-widget.mixcloud.com/assets/index-DFbmkmY8.js:34
[   67093ms] [WARNING] Encrypted Media access has been blocked because of a Feature Policy applied to the current document. See https://crbug.com/414348233 for more details. @ https://player-widget.mixcloud.com/assets/index-DFbmkmY8.js:34
[   67097ms] [ERROR] Permissions policy violation: encrypted-media is not allowed in this document. @ https://player-widget.mixcloud.com/assets/index-DFbmkmY8.js:34
[   67097ms] [WARNING] Encrypted Media access has been blocked because of a Feature Policy applied to the current document. See https://crbug.com/414348233 for more details. @ https://player-widget.mixcloud.com/assets/index-DFbmkmY8.js:34
[   67097ms] [ERROR] Permissions policy violation: encrypted-media is not allowed in this document. @ https://player-widget.mixcloud.com/assets/index-DFbmkmY8.js:34
[   67097ms] [WARNING] Encrypted Media access has been blocked because of a Feature Policy applied to the current document. See https://crbug.com/414348233 for more details. @ https://player-widget.mixcloud.com/assets/index-DFbmkmY8.js:34
[   67097ms] [ERROR] Permissions policy violation: encrypted-media is not allowed in this document. @ https://player-widget.mixcloud.com/assets/index-DFbmkmY8.js:34
[   67097ms] [WARNING] Encrypted Media access has been blocked because of a Feature Policy applied to the current document. See https://crbug.com/414348233 for more details. @ https://player-widget.mixcloud.com/assets/index-DFbmkmY8.js:34
[   67133ms] [ERROR] Failed to load resource: the server responded with a status of 404 () @ https://player-widget.mixcloud.com/mix-D-rK8BlV-MixcloudWordmarkLogo.svg#use-href-target:0
[   67173ms] [ERROR] Failed to load resource: the server responded with a status of 404 () @ https://player-widget.mixcloud.com/mix-D-rK8BlV-MixcloudWordmarkLogo.svg#use-href-target:0
[   68028ms] [ERROR] Permissions policy violation: encrypted-media is not allowed in this document. @ https://player-widget.mixcloud.com/assets/index-DFbmkmY8.js:34
[   68028ms] [WARNING] Encrypted Media access has been blocked because of a Feature Policy applied to the current document. See https://crbug.com/414348233 for more details. @ https://player-widget.mixcloud.com/assets/index-DFbmkmY8.js:34
[   68028ms] [ERROR] Permissions policy violation: encrypted-media is not allowed in this document. @ https://player-widget.mixcloud.com/assets/index-DFbmkmY8.js:34
[   68028ms] [WARNING] Encrypted Media access has been blocked because of a Feature Policy applied to the current document. See https://crbug.com/414348233 for more details. @ https://player-widget.mixcloud.com/assets/index-DFbmkmY8.js:34
[   68028ms] [ERROR] Permissions policy violation: encrypted-media is not allowed in this document. @ https://player-widget.mixcloud.com/assets/index-DFbmkmY8.js:34
[   68028ms] [WARNING] Encrypted Media access has been blocked because of a Feature Policy applied to the current document. See https://crbug.com/414348233 for more details. @ https://player-widget.mixcloud.com/assets/index-DFbmkmY8.js:34
[   68031ms] [ERROR] Permissions policy violation: encrypted-media is not allowed in this document. @ https://player-widget.mixcloud.com/assets/index-DFbmkmY8.js:34
[   68031ms] [WARNING] Encrypted Media access has been blocked because of a Feature Policy applied to the current document. See https://crbug.com/414348233 for more details. @ https://player-widget.mixcloud.com/assets/index-DFbmkmY8.js:34
[   68031ms] [ERROR] Permissions policy violation: encrypted-media is not allowed in this document. @ https://player-widget.mixcloud.com/assets/index-DFbmkmY8.js:34
[   68031ms] [WARNING] Encrypted Media access has been blocked because of a Feature Policy applied to the current document. See https://crbug.com/414348233 for more details. @ https://player-widget.mixcloud.com/assets/index-DFbmkmY8.js:34
[   68031ms] [ERROR] Permissions policy violation: encrypted-media is not allowed in this document. @ https://player-widget.mixcloud.com/assets/index-DFbmkmY8.js:34
[   68031ms] [WARNING] Encrypted Media access has been blocked because of a Feature Policy applied to the current document. See https://crbug.com/414348233 for more details. @ https://player-widget.mixcloud.com/assets/index-DFbmkmY8.js:34
[   68056ms] [ERROR] Permissions policy violation: encrypted-media is not allowed in this document. @ https://player-widget.mixcloud.com/assets/index-DFbmkmY8.js:34
[   68056ms] [WARNING] Encrypted Media access has been blocked because of a Feature Policy applied to the current document. See https://crbug.com/414348233 for more details. @ https://player-widget.mixcloud.com/assets/index-DFbmkmY8.js:34
[   68056ms] [ERROR] Permissions policy violation: encrypted-media is not allowed in this document. @ https://player-widget.mixcloud.com/assets/index-DFbmkmY8.js:34
[   68056ms] [WARNING] Encrypted Media access has been blocked because of a Feature Policy applied to the current document. See https://crbug.com/414348233 for more details. @ https://player-widget.mixcloud.com/assets/index-DFbmkmY8.js:34
[   68056ms] [ERROR] Permissions policy violation: encrypted-media is not allowed in this document. @ https://player-widget.mixcloud.com/assets/index-DFbmkmY8.js:34
[   68056ms] [WARNING] Encrypted Media access has been blocked because of a Feature Policy applied to the current document. See https://crbug.com/414348233 for more details. @ https://player-widget.mixcloud.com/assets/index-DFbmkmY8.js:34
[   68064ms] [ERROR] Failed to load resource: the server responded with a status of 404 () @ https://player-widget.mixcloud.com/mix-D-rK8BlV-MixcloudWordmarkLogo.svg#use-href-target:0
[   68102ms] [ERROR] Failed to load resource: the server responded with a status of 404 () @ https://player-widget.mixcloud.com/mix-D-rK8BlV-MixcloudWordmarkLogo.svg#use-href-target:0
[   68190ms] [ERROR] Failed to load resource: the server responded with a status of 404 () @ https://player-widget.mixcloud.com/mix-D-rK8BlV-MixcloudWordmarkLogo.svg#use-href-target:0
[   68213ms] [ERROR] Permissions policy violation: encrypted-media is not allowed in this document. @ https://player-widget.mixcloud.com/assets/index-DFbmkmY8.js:34
[   68213ms] [WARNING] Encrypted Media access has been blocked because of a Feature Policy applied to the current document. See https://crbug.com/414348233 for more details. @ https://player-widget.mixcloud.com/assets/index-DFbmkmY8.js:34
[   68213ms] [ERROR] Permissions policy violation: encrypted-media is not allowed in this document. @ https://player-widget.mixcloud.com/assets/index-DFbmkmY8.js:34
[   68213ms] [WARNING] Encrypted Media access has been blocked because of a Feature Policy applied to the current document. See https://crbug.com/414348233 for more details. @ https://player-widget.mixcloud.com/assets/index-DFbmkmY8.js:34
[   68213ms] [ERROR] Permissions policy violation: encrypted-media is not allowed in this document. @ https://player-widget.mixcloud.com/assets/index-DFbmkmY8.js:34
[   68213ms] [WARNING] Encrypted Media access has been blocked because of a Feature Policy applied to the current document. See https://crbug.com/414348233 for more details. @ https://player-widget.mixcloud.com/assets/index-DFbmkmY8.js:34
[   68246ms] [ERROR] Permissions policy violation: encrypted-media is not allowed in this document. @ https://player-widget.mixcloud.com/assets/index-DFbmkmY8.js:34
[   68246ms] [WARNING] Encrypted Media access has been blocked because of a Feature Policy applied to the current document. See https://crbug.com/414348233 for more details. @ https://player-widget.mixcloud.com/assets/index-DFbmkmY8.js:34
[   68246ms] [ERROR] Permissions policy violation: encrypted-media is not allowed in this document. @ https://player-widget.mixcloud.com/assets/index-DFbmkmY8.js:34
[   68246ms] [WARNING] Encrypted Media access has been blocked because of a Feature Policy applied to the current document. See https://crbug.com/414348233 for more details. @ https://player-widget.mixcloud.com/assets/index-DFbmkmY8.js:34
[   68246ms] [ERROR] Permissions policy violation: encrypted-media is not allowed in this document. @ https://player-widget.mixcloud.com/assets/index-DFbmkmY8.js:34
[   68246ms] [WARNING] Encrypted Media access has been blocked because of a Feature Policy applied to the current document. See https://crbug.com/414348233 for more details. @ https://player-widget.mixcloud.com/assets/index-DFbmkmY8.js:34
[   68247ms] [ERROR] Failed to load resource: the server responded with a status of 404 () @ https://player-widget.mixcloud.com/mix-D-rK8BlV-MixcloudWordmarkLogo.svg#use-href-target:0
[   68353ms] [ERROR] Failed to load resource: the server responded with a status of 404 () @ https://player-widget.mixcloud.com/mix-D-rK8BlV-MixcloudWordmarkLogo.svg#use-href-target:0
[   68583ms] [ERROR] Permissions policy violation: encrypted-media is not allowed in this document. @ https://player-widget.mixcloud.com/assets/index-DFbmkmY8.js:34
[   68583ms] [WARNING] Encrypted Media access has been blocked because of a Feature Policy applied to the current document. See https://crbug.com/414348233 for more details. @ https://player-widget.mixcloud.com/assets/index-DFbmkmY8.js:34
[   68583ms] [ERROR] Permissions policy violation: encrypted-media is not allowed in this document. @ https://player-widget.mixcloud.com/assets/index-DFbmkmY8.js:34
[   68583ms] [WARNING] Encrypted Media access has been blocked because of a Feature Policy applied to the current document. See https://crbug.com/414348233 for more details. @ https://player-widget.mixcloud.com/assets/index-DFbmkmY8.js:34
[   68583ms] [ERROR] Permissions policy violation: encrypted-media is not allowed in this document. @ https://player-widget.mixcloud.com/assets/index-DFbmkmY8.js:34
[   68583ms] [WARNING] Encrypted Media access has been blocked because of a Feature Policy applied to the current document. See https://crbug.com/414348233 for more details. @ https://player-widget.mixcloud.com/assets/index-DFbmkmY8.js:34
[   68617ms] [ERROR] Permissions policy violation: encrypted-media is not allowed in this document. @ https://player-widget.mixcloud.com/assets/index-DFbmkmY8.js:34
[   68617ms] [WARNING] Encrypted Media access has been blocked because of a Feature Policy applied to the current document. See https://crbug.com/414348233 for more details. @ https://player-widget.mixcloud.com/assets/index-DFbmkmY8.js:34
[   68617ms] [ERROR] Permissions policy violation: encrypted-media is not allowed in this document. @ https://player-widget.mixcloud.com/assets/index-DFbmkmY8.js:34
[   68617ms] [WARNING] Encrypted Media access has been blocked because of a Feature Policy applied to the current document. See https://crbug.com/414348233 for more details. @ https://player-widget.mixcloud.com/assets/index-DFbmkmY8.js:34
[   68617ms] [ERROR] Permissions policy violation: encrypted-media is not allowed in this document. @ https://player-widget.mixcloud.com/assets/index-DFbmkmY8.js:34
[   68617ms] [WARNING] Encrypted Media access has been blocked because of a Feature Policy applied to the current document. See https://crbug.com/414348233 for more details. @ https://player-widget.mixcloud.com/assets/index-DFbmkmY8.js:34
[   68620ms] [ERROR] Failed to load resource: the server responded with a status of 404 () @ https://player-widget.mixcloud.com/mix-D-rK8BlV-MixcloudWordmarkLogo.svg#use-href-target:0
[   68650ms] [ERROR] Permissions policy violation: encrypted-media is not allowed in this document. @ https://player-widget.mixcloud.com/assets/index-DFbmkmY8.js:34
[   68650ms] [WARNING] Encrypted Media access has been blocked because of a Feature Policy applied to the current document. See https://crbug.com/414348233 for more details. @ https://player-widget.mixcloud.com/assets/index-DFbmkmY8.js:34
[   68650ms] [ERROR] Permissions policy violation: encrypted-media is not allowed in this document. @ https://player-widget.mixcloud.com/assets/index-DFbmkmY8.js:34
[   68650ms] [WARNING] Encrypted Media access has been blocked because of a Feature Policy applied to the current document. See https://crbug.com/414348233 for more details. @ https://player-widget.mixcloud.com/assets/index-DFbmkmY8.js:34
[   68650ms] [ERROR] Permissions policy violation: encrypted-media is not allowed in this document. @ https://player-widget.mixcloud.com/assets/index-DFbmkmY8.js:34
[   68650ms] [WARNING] Encrypted Media access has been blocked because of a Feature Policy applied to the current document. See https://crbug.com/414348233 for more details. @ https://player-widget.mixcloud.com/assets/index-DFbmkmY8.js:34
[   68653ms] [ERROR] Permissions policy violation: encrypted-media is not allowed in this document. @ https://player-widget.mixcloud.com/assets/index-DFbmkmY8.js:34
[   68653ms] [WARNING] Encrypted Media access has been blocked because of a Feature Policy applied to the current document. See https://crbug.com/414348233 for more details. @ https://player-widget.mixcloud.com/assets/index-DFbmkmY8.js:34
[   68653ms] [ERROR] Permissions policy violation: encrypted-media is not allowed in this document. @ https://player-widget.mixcloud.com/assets/index-DFbmkmY8.js:34
[   68653ms] [WARNING] Encrypted Media access has been blocked because of a Feature Policy applied to the current document. See https://crbug.com/414348233 for more details. @ https://player-widget.mixcloud.com/assets/index-DFbmkmY8.js:34
[   68653ms] [ERROR] Permissions policy violation: encrypted-media is not allowed in this document. @ https://player-widget.mixcloud.com/assets/index-DFbmkmY8.js:34
[   68653ms] [WARNING] Encrypted Media access has been blocked because of a Feature Policy applied to the current document. See https://crbug.com/414348233 for more details. @ https://player-widget.mixcloud.com/assets/index-DFbmkmY8.js:34
[   68659ms] [ERROR] Failed to load resource: the server responded with a status of 404 () @ https://player-widget.mixcloud.com/mix-D-rK8BlV-MixcloudWordmarkLogo.svg#use-href-target:0
[   68703ms] [ERROR] Failed to load resource: the server responded with a status of 404 () @ https://player-widget.mixcloud.com/mix-D-rK8BlV-MixcloudWordmarkLogo.svg#use-href-target:0
[   70000ms] [ERROR] Permissions policy violation: encrypted-media is not allowed in this document. @ https://player-widget.mixcloud.com/assets/index-DFbmkmY8.js:34
[   70000ms] [WARNING] Encrypted Media access has been blocked because of a Feature Policy applied to the current document. See https://crbug.com/414348233 for more details. @ https://player-widget.mixcloud.com/assets/index-DFbmkmY8.js:34
[   70000ms] [ERROR] Permissions policy violation: encrypted-media is not allowed in this document. @ https://player-widget.mixcloud.com/assets/index-DFbmkmY8.js:34
[   70000ms] [WARNING] Encrypted Media access has been blocked because of a Feature Policy applied to the current document. See https://crbug.com/414348233 for more details. @ https://player-widget.mixcloud.com/assets/index-DFbmkmY8.js:34
[   70000ms] [ERROR] Permissions policy violation: encrypted-media is not allowed in this document. @ https://player-widget.mixcloud.com/assets/index-DFbmkmY8.js:34
[   70000ms] [WARNING] Encrypted Media access has been blocked because of a Feature Policy applied to the current document. See https://crbug.com/414348233 for more details. @ https://player-widget.mixcloud.com/assets/index-DFbmkmY8.js:34
[   70003ms] [ERROR] Permissions policy violation: encrypted-media is not allowed in this document. @ https://player-widget.mixcloud.com/assets/index-DFbmkmY8.js:34
[   70003ms] [WARNING] Encrypted Media access has been blocked because of a Feature Policy applied to the current document. See https://crbug.com/414348233 for more details. @ https://player-widget.mixcloud.com/assets/index-DFbmkmY8.js:34
[   70003ms] [ERROR] Permissions policy violation: encrypted-media is not allowed in this document. @ https://player-widget.mixcloud.com/assets/index-DFbmkmY8.js:34
[   70003ms] [WARNING] Encrypted Media access has been blocked because of a Feature Policy applied to the current document. See https://crbug.com/414348233 for more details. @ https://player-widget.mixcloud.com/assets/index-DFbmkmY8.js:34
[   70003ms] [ERROR] Permissions policy violation: encrypted-media is not allowed in this document. @ https://player-widget.mixcloud.com/assets/index-DFbmkmY8.js:34
[   70003ms] [WARNING] Encrypted Media access has been blocked because of a Feature Policy applied to the current document. See https://crbug.com/414348233 for more details. @ https://player-widget.mixcloud.com/assets/index-DFbmkmY8.js:34
[   70006ms] [ERROR] Permissions policy violation: encrypted-media is not allowed in this document. @ https://player-widget.mixcloud.com/assets/index-DFbmkmY8.js:34
[   70006ms] [WARNING] Encrypted Media access has been blocked because of a Feature Policy applied to the current document. See https://crbug.com/414348233 for more details. @ https://player-widget.mixcloud.com/assets/index-DFbmkmY8.js:34
[   70006ms] [ERROR] Permissions policy violation: encrypted-media is not allowed in this document. @ https://player-widget.mixcloud.com/assets/index-DFbmkmY8.js:34
[   70006ms] [WARNING] Encrypted Media access has been blocked because of a Feature Policy applied to the current document. See https://crbug.com/414348233 for more details. @ https://player-widget.mixcloud.com/assets/index-DFbmkmY8.js:34
[   70007ms] [ERROR] Permissions policy violation: encrypted-media is not allowed in this document. @ https://player-widget.mixcloud.com/assets/index-DFbmkmY8.js:34
[   70007ms] [WARNING] Encrypted Media access has been blocked because of a Feature Policy applied to the current document. See https://crbug.com/414348233 for more details. @ https://player-widget.mixcloud.com/assets/index-DFbmkmY8.js:34
[   70029ms] [ERROR] Failed to load resource: the server responded with a status of 404 () @ https://player-widget.mixcloud.com/mix-D-rK8BlV-MixcloudWordmarkLogo.svg#use-href-target:0
[   70076ms] [WARNING] Unrecognized feature: 'speaker-selection'. @ http://127.0.0.1:5500/?speedtest=mobile-2-1787329775744:236
[   70080ms] [LOG] Hero image set: {desktopUrl: splash-images/4/bm_nerva_Close-up_of_a_spinning_vi…el_9a8632e8-24cf-4650-b596-ee8af3721ad5_3.png?v=1, mobileUrl: splash-images/4/bm_nerva_Close-up_of_a_spinning_vi…el_6c50df92-766d-4842-b65e-39edd700bbcc_3.png?v=1} @ http://127.0.0.1:5500/main.js:93
[   70080ms] [LOG] Theme colors set: {primaryColor: #f2533a, secondaryColor: #086a8a, accentColor: #fbcd71} @ http://127.0.0.1:5500/main.js:101
[   70110ms] [LOG] SoundCloud iframe colors updated: #f2533a @ http://127.0.0.1:5500/main.js:122
[   70786ms] [ERROR] Permissions policy violation: encrypted-media is not allowed in this document. @ https://player-widget.mixcloud.com/assets/index-DFbmkmY8.js:34
[   70786ms] [WARNING] Encrypted Media access has been blocked because of a Feature Policy applied to the current document. See https://crbug.com/414348233 for more details. @ https://player-widget.mixcloud.com/assets/index-DFbmkmY8.js:34
[   70786ms] [ERROR] Permissions policy violation: encrypted-media is not allowed in this document. @ https://player-widget.mixcloud.com/assets/index-DFbmkmY8.js:34
[   70786ms] [WARNING] Encrypted Media access has been blocked because of a Feature Policy applied to the current document. See https://crbug.com/414348233 for more details. @ https://player-widget.mixcloud.com/assets/index-DFbmkmY8.js:34
[   70786ms] [ERROR] Permissions policy violation: encrypted-media is not allowed in this document. @ https://player-widget.mixcloud.com/assets/index-DFbmkmY8.js:34
[   70786ms] [WARNING] Encrypted Media access has been blocked because of a Feature Policy applied to the current document. See https://crbug.com/414348233 for more details. @ https://player-widget.mixcloud.com/assets/index-DFbmkmY8.js:34
[   70788ms] [ERROR] Permissions policy violation: encrypted-media is not allowed in this document. @ https://player-widget.mixcloud.com/assets/index-DFbmkmY8.js:34
[   70788ms] [WARNING] Encrypted Media access has been blocked because of a Feature Policy applied to the current document. See https://crbug.com/414348233 for more details. @ https://player-widget.mixcloud.com/assets/index-DFbmkmY8.js:34
[   70788ms] [ERROR] Permissions policy violation: encrypted-media is not allowed in this document. @ https://player-widget.mixcloud.com/assets/index-DFbmkmY8.js:34
[   70788ms] [WARNING] Encrypted Media access has been blocked because of a Feature Policy applied to the current document. See https://crbug.com/414348233 for more details. @ https://player-widget.mixcloud.com/assets/index-DFbmkmY8.js:34
[   70788ms] [ERROR] Permissions policy violation: encrypted-media is not allowed in this document. @ https://player-widget.mixcloud.com/assets/index-DFbmkmY8.js:34
[   70788ms] [WARNING] Encrypted Media access has been blocked because of a Feature Policy applied to the current document. See https://crbug.com/414348233 for more details. @ https://player-widget.mixcloud.com/assets/index-DFbmkmY8.js:34
[   70791ms] [ERROR] Permissions policy violation: encrypted-media is not allowed in this document. @ https://player-widget.mixcloud.com/assets/index-DFbmkmY8.js:34
[   70791ms] [WARNING] Encrypted Media access has been blocked because of a Feature Policy applied to the current document. See https://crbug.com/414348233 for more details. @ https://player-widget.mixcloud.com/assets/index-DFbmkmY8.js:34
[   70791ms] [ERROR] Permissions policy violation: encrypted-media is not allowed in this document. @ https://player-widget.mixcloud.com/assets/index-DFbmkmY8.js:34
[   70791ms] [WARNING] Encrypted Media access has been blocked because of a Feature Policy applied to the current document. See https://crbug.com/414348233 for more details. @ https://player-widget.mixcloud.com/assets/index-DFbmkmY8.js:34
[   70791ms] [ERROR] Permissions policy violation: encrypted-media is not allowed in this document. @ https://player-widget.mixcloud.com/assets/index-DFbmkmY8.js:34
[   70791ms] [WARNING] Encrypted Media access has been blocked because of a Feature Policy applied to the current document. See https://crbug.com/414348233 for more details. @ https://player-widget.mixcloud.com/assets/index-DFbmkmY8.js:34
[   70815ms] [ERROR] Failed to load resource: the server responded with a status of 404 () @ https://player-widget.mixcloud.com/mix-D-rK8BlV-MixcloudWordmarkLogo.svg#use-href-target:0
[   70856ms] [ERROR] Failed to load resource: the server responded with a status of 404 () @ https://player-widget.mixcloud.com/mix-D-rK8BlV-MixcloudWordmarkLogo.svg#use-href-target:0
[   70929ms] [ERROR] Failed to load resource: the server responded with a status of 404 () @ https://player-widget.mixcloud.com/mix-D-rK8BlV-MixcloudWordmarkLogo.svg#use-href-target:0
[   71428ms] [WARNING] Unrecognized feature: 'speaker-selection'. @ http://127.0.0.1:5500/?speedtest=mobile-3-1787329777097:236
[   71432ms] [LOG] Hero image set: {desktopUrl: splash-images/6/bm_nerva_Dense_jungle_with_neon-ou…it_09abfacb-63f0-416e-b2eb-ce913255387a_2.png?v=1, mobileUrl: splash-images/6/bm_nerva_Dense_jungle_with_neon-ou…it_cc7a2612-cbe1-47e9-96d9-6b891da98ebc_1.png?v=1} @ http://127.0.0.1:5500/main.js:93
[   71432ms] [LOG] Theme colors set: {primaryColor: #27b3e8, secondaryColor: #045175, accentColor: #f89edc} @ http://127.0.0.1:5500/main.js:101
[   71445ms] [LOG] SoundCloud iframe colors updated: #27b3e8 @ http://127.0.0.1:5500/main.js:122
[   72695ms] [ERROR] Permissions policy violation: encrypted-media is not allowed in this document. @ https://player-widget.mixcloud.com/assets/index-DFbmkmY8.js:34
[   72695ms] [WARNING] Encrypted Media access has been blocked because of a Feature Policy applied to the current document. See https://crbug.com/414348233 for more details. @ https://player-widget.mixcloud.com/assets/index-DFbmkmY8.js:34
[   72695ms] [ERROR] Permissions policy violation: encrypted-media is not allowed in this document. @ https://player-widget.mixcloud.com/assets/index-DFbmkmY8.js:34
[   72695ms] [WARNING] Encrypted Media access has been blocked because of a Feature Policy applied to the current document. See https://crbug.com/414348233 for more details. @ https://player-widget.mixcloud.com/assets/index-DFbmkmY8.js:34
[   72695ms] [ERROR] Permissions policy violation: encrypted-media is not allowed in this document. @ https://player-widget.mixcloud.com/assets/index-DFbmkmY8.js:34
[   72695ms] [WARNING] Encrypted Media access has been blocked because of a Feature Policy applied to the current document. See https://crbug.com/414348233 for more details. @ https://player-widget.mixcloud.com/assets/index-DFbmkmY8.js:34
[   72697ms] [ERROR] Permissions policy violation: encrypted-media is not allowed in this document. @ https://player-widget.mixcloud.com/assets/index-DFbmkmY8.js:34
[   72697ms] [WARNING] Encrypted Media access has been blocked because of a Feature Policy applied to the current document. See https://crbug.com/414348233 for more details. @ https://player-widget.mixcloud.com/assets/index-DFbmkmY8.js:34
[   72698ms] [ERROR] Permissions policy violation: encrypted-media is not allowed in this document. @ https://player-widget.mixcloud.com/assets/index-DFbmkmY8.js:34
[   72698ms] [WARNING] Encrypted Media access has been blocked because of a Feature Policy applied to the current document. See https://crbug.com/414348233 for more details. @ https://player-widget.mixcloud.com/assets/index-DFbmkmY8.js:34
[   72698ms] [ERROR] Permissions policy violation: encrypted-media is not allowed in this document. @ https://player-widget.mixcloud.com/assets/index-DFbmkmY8.js:34
[   72698ms] [WARNING] Encrypted Media access has been blocked because of a Feature Policy applied to the current document. See https://crbug.com/414348233 for more details. @ https://player-widget.mixcloud.com/assets/index-DFbmkmY8.js:34
[   72700ms] [ERROR] Permissions policy violation: encrypted-media is not allowed in this document. @ https://player-widget.mixcloud.com/assets/index-DFbmkmY8.js:34
[   72701ms] [WARNING] Encrypted Media access has been blocked because of a Feature Policy applied to the current document. See https://crbug.com/414348233 for more details. @ https://player-widget.mixcloud.com/assets/index-DFbmkmY8.js:34
[   72701ms] [ERROR] Permissions policy violation: encrypted-media is not allowed in this document. @ https://player-widget.mixcloud.com/assets/index-DFbmkmY8.js:34
[   72701ms] [WARNING] Encrypted Media access has been blocked because of a Feature Policy applied to the current document. See https://crbug.com/414348233 for more details. @ https://player-widget.mixcloud.com/assets/index-DFbmkmY8.js:34
[   72701ms] [ERROR] Permissions policy violation: encrypted-media is not allowed in this document. @ https://player-widget.mixcloud.com/assets/index-DFbmkmY8.js:34
[   72701ms] [WARNING] Encrypted Media access has been blocked because of a Feature Policy applied to the current document. See https://crbug.com/414348233 for more details. @ https://player-widget.mixcloud.com/assets/index-DFbmkmY8.js:34
[   72737ms] [ERROR] Failed to load resource: the server responded with a status of 404 () @ https://player-widget.mixcloud.com/mix-D-rK8BlV-MixcloudWordmarkLogo.svg#use-href-target:0
[   72781ms] [ERROR] Failed to load resource: the server responded with a status of 404 () @ https://player-widget.mixcloud.com/mix-D-rK8BlV-MixcloudWordmarkLogo.svg#use-href-target:0
[   73007ms] [ERROR] Permissions policy violation: encrypted-media is not allowed in this document. @ https://widget.sndcdn.com/widget-9-a34f7755ab5e.js:54
[   73007ms] [WARNING] Encrypted Media access has been blocked because of a Feature Policy applied to the current document. See https://crbug.com/414348233 for more details. @ https://widget.sndcdn.com/widget-9-a34f7755ab5e.js:54
[   73007ms] [ERROR] Permissions policy violation: encrypted-media is not allowed in this document. @ https://widget.sndcdn.com/widget-9-a34f7755ab5e.js:54
[   73007ms] [WARNING] Encrypted Media access has been blocked because of a Feature Policy applied to the current document. See https://crbug.com/414348233 for more details. @ https://widget.sndcdn.com/widget-9-a34f7755ab5e.js:54
[   73007ms] [ERROR] Permissions policy violation: encrypted-media is not allowed in this document. @ https://widget.sndcdn.com/widget-9-a34f7755ab5e.js:54
[   73007ms] [WARNING] Encrypted Media access has been blocked because of a Feature Policy applied to the current document. See https://crbug.com/414348233 for more details. @ https://widget.sndcdn.com/widget-9-a34f7755ab5e.js:54
[   73016ms] [ERROR] Permissions policy violation: encrypted-media is not allowed in this document. @ https://widget.sndcdn.com/widget-9-a34f7755ab5e.js:54
[   73016ms] [WARNING] Encrypted Media access has been blocked because of a Feature Policy applied to the current document. See https://crbug.com/414348233 for more details. @ https://widget.sndcdn.com/widget-9-a34f7755ab5e.js:54
[   73016ms] [ERROR] Permissions policy violation: encrypted-media is not allowed in this document. @ https://widget.sndcdn.com/widget-9-a34f7755ab5e.js:54
[   73016ms] [WARNING] Encrypted Media access has been blocked because of a Feature Policy applied to the current document. See https://crbug.com/414348233 for more details. @ https://widget.sndcdn.com/widget-9-a34f7755ab5e.js:54
[   73016ms] [ERROR] Permissions policy violation: encrypted-media is not allowed in this document. @ https://widget.sndcdn.com/widget-9-a34f7755ab5e.js:54
[   73016ms] [WARNING] Encrypted Media access has been blocked because of a Feature Policy applied to the current document. See https://crbug.com/414348233 for more details. @ https://widget.sndcdn.com/widget-9-a34f7755ab5e.js:54
[   73029ms] [ERROR] Permissions policy violation: encrypted-media is not allowed in this document. @ https://widget.sndcdn.com/widget-9-a34f7755ab5e.js:54
[   73029ms] [WARNING] Encrypted Media access has been blocked because of a Feature Policy applied to the current document. See https://crbug.com/414348233 for more details. @ https://widget.sndcdn.com/widget-9-a34f7755ab5e.js:54
[   73029ms] [ERROR] Permissions policy violation: encrypted-media is not allowed in this document. @ https://widget.sndcdn.com/widget-9-a34f7755ab5e.js:54
[   73029ms] [WARNING] Encrypted Media access has been blocked because of a Feature Policy applied to the current document. See https://crbug.com/414348233 for more details. @ https://widget.sndcdn.com/widget-9-a34f7755ab5e.js:54
[   73029ms] [ERROR] Permissions policy violation: encrypted-media is not allowed in this document. @ https://widget.sndcdn.com/widget-9-a34f7755ab5e.js:54
[   73029ms] [WARNING] Encrypted Media access has been blocked because of a Feature Policy applied to the current document. See https://crbug.com/414348233 for more details. @ https://widget.sndcdn.com/widget-9-a34f7755ab5e.js:54
[   73357ms] [ERROR] Failed to load resource: the server responded with a status of 404 () @ https://player-widget.mixcloud.com/mix-D-rK8BlV-MixcloudWordmarkLogo.svg#use-href-target:0
[   73719ms] [ERROR] Permissions policy violation: encrypted-media is not allowed in this document. @ https://widget.sndcdn.com/widget-9-a34f7755ab5e.js:54
[   73719ms] [WARNING] Encrypted Media access has been blocked because of a Feature Policy applied to the current document. See https://crbug.com/414348233 for more details. @ https://widget.sndcdn.com/widget-9-a34f7755ab5e.js:54
[   73719ms] [ERROR] Permissions policy violation: encrypted-media is not allowed in this document. @ https://widget.sndcdn.com/widget-9-a34f7755ab5e.js:54
[   73719ms] [WARNING] Encrypted Media access has been blocked because of a Feature Policy applied to the current document. See https://crbug.com/414348233 for more details. @ https://widget.sndcdn.com/widget-9-a34f7755ab5e.js:54
[   73719ms] [ERROR] Permissions policy violation: encrypted-media is not allowed in this document. @ https://widget.sndcdn.com/widget-9-a34f7755ab5e.js:54
[   73719ms] [WARNING] Encrypted Media access has been blocked because of a Feature Policy applied to the current document. See https://crbug.com/414348233 for more details. @ https://widget.sndcdn.com/widget-9-a34f7755ab5e.js:54
[   73778ms] [ERROR] Permissions policy violation: encrypted-media is not allowed in this document. @ https://widget.sndcdn.com/widget-9-a34f7755ab5e.js:54
[   73779ms] [WARNING] Encrypted Media access has been blocked because of a Feature Policy applied to the current document. See https://crbug.com/414348233 for more details. @ https://widget.sndcdn.com/widget-9-a34f7755ab5e.js:54
[   73779ms] [ERROR] Permissions policy violation: encrypted-media is not allowed in this document. @ https://widget.sndcdn.com/widget-9-a34f7755ab5e.js:54
[   73779ms] [WARNING] Encrypted Media access has been blocked because of a Feature Policy applied to the current document. See https://crbug.com/414348233 for more details. @ https://widget.sndcdn.com/widget-9-a34f7755ab5e.js:54
[   73779ms] [ERROR] Permissions policy violation: encrypted-media is not allowed in this document. @ https://widget.sndcdn.com/widget-9-a34f7755ab5e.js:54
[   73779ms] [WARNING] Encrypted Media access has been blocked because of a Feature Policy applied to the current document. See https://crbug.com/414348233 for more details. @ https://widget.sndcdn.com/widget-9-a34f7755ab5e.js:54
[   73786ms] [ERROR] Permissions policy violation: encrypted-media is not allowed in this document. @ https://widget.sndcdn.com/widget-9-a34f7755ab5e.js:54
[   73786ms] [WARNING] Encrypted Media access has been blocked because of a Feature Policy applied to the current document. See https://crbug.com/414348233 for more details. @ https://widget.sndcdn.com/widget-9-a34f7755ab5e.js:54
[   73786ms] [ERROR] Permissions policy violation: encrypted-media is not allowed in this document. @ https://widget.sndcdn.com/widget-9-a34f7755ab5e.js:54
[   73786ms] [WARNING] Encrypted Media access has been blocked because of a Feature Policy applied to the current document. See https://crbug.com/414348233 for more details. @ https://widget.sndcdn.com/widget-9-a34f7755ab5e.js:54
[   73786ms] [ERROR] Permissions policy violation: encrypted-media is not allowed in this document. @ https://widget.sndcdn.com/widget-9-a34f7755ab5e.js:54
[   73786ms] [WARNING] Encrypted Media access has been blocked because of a Feature Policy applied to the current document. See https://crbug.com/414348233 for more details. @ https://widget.sndcdn.com/widget-9-a34f7755ab5e.js:54
[   73812ms] [ERROR] Permissions policy violation: encrypted-media is not allowed in this document. @ https://widget.sndcdn.com/widget-9-a34f7755ab5e.js:54
[   73812ms] [WARNING] Encrypted Media access has been blocked because of a Feature Policy applied to the current document. See https://crbug.com/414348233 for more details. @ https://widget.sndcdn.com/widget-9-a34f7755ab5e.js:54
[   73812ms] [ERROR] Permissions policy violation: encrypted-media is not allowed in this document. @ https://widget.sndcdn.com/widget-9-a34f7755ab5e.js:54
[   73812ms] [WARNING] Encrypted Media access has been blocked because of a Feature Policy applied to the current document. See https://crbug.com/414348233 for more details. @ https://widget.sndcdn.com/widget-9-a34f7755ab5e.js:54
[   73812ms] [ERROR] Permissions policy violation: encrypted-media is not allowed in this document. @ https://widget.sndcdn.com/widget-9-a34f7755ab5e.js:54
[   73812ms] [WARNING] Encrypted Media access has been blocked because of a Feature Policy applied to the current document. See https://crbug.com/414348233 for more details. @ https://widget.sndcdn.com/widget-9-a34f7755ab5e.js:54
[   73834ms] [ERROR] Permissions policy violation: encrypted-media is not allowed in this document. @ https://widget.sndcdn.com/widget-9-a34f7755ab5e.js:54
[   73834ms] [WARNING] Encrypted Media access has been blocked because of a Feature Policy applied to the current document. See https://crbug.com/414348233 for more details. @ https://widget.sndcdn.com/widget-9-a34f7755ab5e.js:54
[   73834ms] [ERROR] Permissions policy violation: encrypted-media is not allowed in this document. @ https://widget.sndcdn.com/widget-9-a34f7755ab5e.js:54
[   73834ms] [WARNING] Encrypted Media access has been blocked because of a Feature Policy applied to the current document. See https://crbug.com/414348233 for more details. @ https://widget.sndcdn.com/widget-9-a34f7755ab5e.js:54
[   73834ms] [ERROR] Permissions policy violation: encrypted-media is not allowed in this document. @ https://widget.sndcdn.com/widget-9-a34f7755ab5e.js:54
[   73834ms] [WARNING] Encrypted Media access has been blocked because of a Feature Policy applied to the current document. See https://crbug.com/414348233 for more details. @ https://widget.sndcdn.com/widget-9-a34f7755ab5e.js:54
[   73852ms] [ERROR] Permissions policy violation: encrypted-media is not allowed in this document. @ https://widget.sndcdn.com/widget-9-a34f7755ab5e.js:54
[   73852ms] [WARNING] Encrypted Media access has been blocked because of a Feature Policy applied to the current document. See https://crbug.com/414348233 for more details. @ https://widget.sndcdn.com/widget-9-a34f7755ab5e.js:54
[   73852ms] [ERROR] Permissions policy violation: encrypted-media is not allowed in this document. @ https://widget.sndcdn.com/widget-9-a34f7755ab5e.js:54
[   73852ms] [WARNING] Encrypted Media access has been blocked because of a Feature Policy applied to the current document. See https://crbug.com/414348233 for more details. @ https://widget.sndcdn.com/widget-9-a34f7755ab5e.js:54
[   73852ms] [ERROR] Permissions policy violation: encrypted-media is not allowed in this document. @ https://widget.sndcdn.com/widget-9-a34f7755ab5e.js:54
[   73852ms] [WARNING] Encrypted Media access has been blocked because of a Feature Policy applied to the current document. See https://crbug.com/414348233 for more details. @ https://widget.sndcdn.com/widget-9-a34f7755ab5e.js:54
[   73937ms] [ERROR] Permissions policy violation: encrypted-media is not allowed in this document. @ https://widget.sndcdn.com/widget-9-a34f7755ab5e.js:54
[   73937ms] [WARNING] Encrypted Media access has been blocked because of a Feature Policy applied to the current document. See https://crbug.com/414348233 for more details. @ https://widget.sndcdn.com/widget-9-a34f7755ab5e.js:54
[   73937ms] [ERROR] Permissions policy violation: encrypted-media is not allowed in this document. @ https://widget.sndcdn.com/widget-9-a34f7755ab5e.js:54
[   73937ms] [WARNING] Encrypted Media access has been blocked because of a Feature Policy applied to the current document. See https://crbug.com/414348233 for more details. @ https://widget.sndcdn.com/widget-9-a34f7755ab5e.js:54
[   73937ms] [ERROR] Permissions policy violation: encrypted-media is not allowed in this document. @ https://widget.sndcdn.com/widget-9-a34f7755ab5e.js:54
[   73937ms] [WARNING] Encrypted Media access has been blocked because of a Feature Policy applied to the current document. See https://crbug.com/414348233 for more details. @ https://widget.sndcdn.com/widget-9-a34f7755ab5e.js:54
[   73961ms] [ERROR] Permissions policy violation: encrypted-media is not allowed in this document. @ https://widget.sndcdn.com/widget-9-a34f7755ab5e.js:54
[   73961ms] [WARNING] Encrypted Media access has been blocked because of a Feature Policy applied to the current document. See https://crbug.com/414348233 for more details. @ https://widget.sndcdn.com/widget-9-a34f7755ab5e.js:54
[   73961ms] [ERROR] Permissions policy violation: encrypted-media is not allowed in this document. @ https://widget.sndcdn.com/widget-9-a34f7755ab5e.js:54
[   73961ms] [WARNING] Encrypted Media access has been blocked because of a Feature Policy applied to the current document. See https://crbug.com/414348233 for more details. @ https://widget.sndcdn.com/widget-9-a34f7755ab5e.js:54
[   73961ms] [ERROR] Permissions policy violation: encrypted-media is not allowed in this document. @ https://widget.sndcdn.com/widget-9-a34f7755ab5e.js:54
[   73961ms] [WARNING] Encrypted Media access has been blocked because of a Feature Policy applied to the current document. See https://crbug.com/414348233 for more details. @ https://widget.sndcdn.com/widget-9-a34f7755ab5e.js:54
[   73961ms] [LOG] SoundCloud Embed Player (api-web) @ https://widget.sndcdn.com/widget-9-a34f7755ab5e.js:54
[   74022ms] [ERROR] Permissions policy violation: encrypted-media is not allowed in this document. @ https://widget.sndcdn.com/widget-9-a34f7755ab5e.js:54
[   74022ms] [WARNING] Encrypted Media access has been blocked because of a Feature Policy applied to the current document. See https://crbug.com/414348233 for more details. @ https://widget.sndcdn.com/widget-9-a34f7755ab5e.js:54
[   74022ms] [ERROR] Permissions policy violation: encrypted-media is not allowed in this document. @ https://widget.sndcdn.com/widget-9-a34f7755ab5e.js:54
[   74022ms] [WARNING] Encrypted Media access has been blocked because of a Feature Policy applied to the current document. See https://crbug.com/414348233 for more details. @ https://widget.sndcdn.com/widget-9-a34f7755ab5e.js:54
[   74022ms] [ERROR] Permissions policy violation: encrypted-media is not allowed in this document. @ https://widget.sndcdn.com/widget-9-a34f7755ab5e.js:54
[   74022ms] [WARNING] Encrypted Media access has been blocked because of a Feature Policy applied to the current document. See https://crbug.com/414348233 for more details. @ https://widget.sndcdn.com/widget-9-a34f7755ab5e.js:54
[   74029ms] [ERROR] Permissions policy violation: encrypted-media is not allowed in this document. @ https://widget.sndcdn.com/widget-9-a34f7755ab5e.js:54
[   74029ms] [WARNING] Encrypted Media access has been blocked because of a Feature Policy applied to the current document. See https://crbug.com/414348233 for more details. @ https://widget.sndcdn.com/widget-9-a34f7755ab5e.js:54
[   74029ms] [ERROR] Permissions policy violation: encrypted-media is not allowed in this document. @ https://widget.sndcdn.com/widget-9-a34f7755ab5e.js:54
[   74029ms] [WARNING] Encrypted Media access has been blocked because of a Feature Policy applied to the current document. See https://crbug.com/414348233 for more details. @ https://widget.sndcdn.com/widget-9-a34f7755ab5e.js:54
[   74029ms] [ERROR] Permissions policy violation: encrypted-media is not allowed in this document. @ https://widget.sndcdn.com/widget-9-a34f7755ab5e.js:54
[   74029ms] [WARNING] Encrypted Media access has been blocked because of a Feature Policy applied to the current document. See https://crbug.com/414348233 for more details. @ https://widget.sndcdn.com/widget-9-a34f7755ab5e.js:54
[   74050ms] [ERROR] Permissions policy violation: encrypted-media is not allowed in this document. @ https://widget.sndcdn.com/widget-9-a34f7755ab5e.js:54
[   74050ms] [WARNING] Encrypted Media access has been blocked because of a Feature Policy applied to the current document. See https://crbug.com/414348233 for more details. @ https://widget.sndcdn.com/widget-9-a34f7755ab5e.js:54
[   74050ms] [ERROR] Permissions policy violation: encrypted-media is not allowed in this document. @ https://widget.sndcdn.com/widget-9-a34f7755ab5e.js:54
[   74050ms] [WARNING] Encrypted Media access has been blocked because of a Feature Policy applied to the current document. See https://crbug.com/414348233 for more details. @ https://widget.sndcdn.com/widget-9-a34f7755ab5e.js:54
[   74050ms] [ERROR] Permissions policy violation: encrypted-media is not allowed in this document. @ https://widget.sndcdn.com/widget-9-a34f7755ab5e.js:54
[   74050ms] [WARNING] Encrypted Media access has been blocked because of a Feature Policy applied to the current document. See https://crbug.com/414348233 for more details. @ https://widget.sndcdn.com/widget-9-a34f7755ab5e.js:54
[   74066ms] [ERROR] Permissions policy violation: encrypted-media is not allowed in this document. @ https://widget.sndcdn.com/widget-9-a34f7755ab5e.js:54
[   74066ms] [WARNING] Encrypted Media access has been blocked because of a Feature Policy applied to the current document. See https://crbug.com/414348233 for more details. @ https://widget.sndcdn.com/widget-9-a34f7755ab5e.js:54
[   74066ms] [ERROR] Permissions policy violation: encrypted-media is not allowed in this document. @ https://widget.sndcdn.com/widget-9-a34f7755ab5e.js:54
[   74066ms] [WARNING] Encrypted Media access has been blocked because of a Feature Policy applied to the current document. See https://crbug.com/414348233 for more details. @ https://widget.sndcdn.com/widget-9-a34f7755ab5e.js:54
[   74066ms] [ERROR] Permissions policy violation: encrypted-media is not allowed in this document. @ https://widget.sndcdn.com/widget-9-a34f7755ab5e.js:54
[   74066ms] [WARNING] Encrypted Media access has been blocked because of a Feature Policy applied to the current document. See https://crbug.com/414348233 for more details. @ https://widget.sndcdn.com/widget-9-a34f7755ab5e.js:54
[   74120ms] [ERROR] Permissions policy violation: encrypted-media is not allowed in this document. @ https://widget.sndcdn.com/widget-9-a34f7755ab5e.js:54
[   74120ms] [WARNING] Encrypted Media access has been blocked because of a Feature Policy applied to the current document. See https://crbug.com/414348233 for more details. @ https://widget.sndcdn.com/widget-9-a34f7755ab5e.js:54
[   74120ms] [ERROR] Permissions policy violation: encrypted-media is not allowed in this document. @ https://widget.sndcdn.com/widget-9-a34f7755ab5e.js:54
[   74120ms] [WARNING] Encrypted Media access has been blocked because of a Feature Policy applied to the current document. See https://crbug.com/414348233 for more details. @ https://widget.sndcdn.com/widget-9-a34f7755ab5e.js:54
[   74120ms] [ERROR] Permissions policy violation: encrypted-media is not allowed in this document. @ https://widget.sndcdn.com/widget-9-a34f7755ab5e.js:54
[   74120ms] [WARNING] Encrypted Media access has been blocked because of a Feature Policy applied to the current document. See https://crbug.com/414348233 for more details. @ https://widget.sndcdn.com/widget-9-a34f7755ab5e.js:54
[   74120ms] [LOG] SoundCloud Embed Player (api-web) @ https://widget.sndcdn.com/widget-9-a34f7755ab5e.js:54
[   74140ms] [ERROR] Permissions policy violation: encrypted-media is not allowed in this document. @ https://widget.sndcdn.com/widget-9-a34f7755ab5e.js:54
[   74140ms] [WARNING] Encrypted Media access has been blocked because of a Feature Policy applied to the current document. See https://crbug.com/414348233 for more details. @ https://widget.sndcdn.com/widget-9-a34f7755ab5e.js:54
[   74140ms] [ERROR] Permissions policy violation: encrypted-media is not allowed in this document. @ https://widget.sndcdn.com/widget-9-a34f7755ab5e.js:54
[   74140ms] [WARNING] Encrypted Media access has been blocked because of a Feature Policy applied to the current document. See https://crbug.com/414348233 for more details. @ https://widget.sndcdn.com/widget-9-a34f7755ab5e.js:54
[   74140ms] [ERROR] Permissions policy violation: encrypted-media is not allowed in this document. @ https://widget.sndcdn.com/widget-9-a34f7755ab5e.js:54
[   74140ms] [WARNING] Encrypted Media access has been blocked because of a Feature Policy applied to the current document. See https://crbug.com/414348233 for more details. @ https://widget.sndcdn.com/widget-9-a34f7755ab5e.js:54
[   74204ms] [ERROR] Permissions policy violation: encrypted-media is not allowed in this document. @ https://widget.sndcdn.com/widget-9-a34f7755ab5e.js:54
[   74204ms] [WARNING] Encrypted Media access has been blocked because of a Feature Policy applied to the current document. See https://crbug.com/414348233 for more details. @ https://widget.sndcdn.com/widget-9-a34f7755ab5e.js:54
[   74204ms] [ERROR] Permissions policy violation: encrypted-media is not allowed in this document. @ https://widget.sndcdn.com/widget-9-a34f7755ab5e.js:54
[   74204ms] [WARNING] Encrypted Media access has been blocked because of a Feature Policy applied to the current document. See https://crbug.com/414348233 for more details. @ https://widget.sndcdn.com/widget-9-a34f7755ab5e.js:54
[   74204ms] [ERROR] Permissions policy violation: encrypted-media is not allowed in this document. @ https://widget.sndcdn.com/widget-9-a34f7755ab5e.js:54
[   74204ms] [WARNING] Encrypted Media access has been blocked because of a Feature Policy applied to the current document. See https://crbug.com/414348233 for more details. @ https://widget.sndcdn.com/widget-9-a34f7755ab5e.js:54
[   74238ms] [ERROR] Permissions policy violation: encrypted-media is not allowed in this document. @ https://widget.sndcdn.com/widget-9-a34f7755ab5e.js:54
[   74238ms] [WARNING] Encrypted Media access has been blocked because of a Feature Policy applied to the current document. See https://crbug.com/414348233 for more details. @ https://widget.sndcdn.com/widget-9-a34f7755ab5e.js:54
[   74238ms] [ERROR] Permissions policy violation: encrypted-media is not allowed in this document. @ https://widget.sndcdn.com/widget-9-a34f7755ab5e.js:54
[   74238ms] [WARNING] Encrypted Media access has been blocked because of a Feature Policy applied to the current document. See https://crbug.com/414348233 for more details. @ https://widget.sndcdn.com/widget-9-a34f7755ab5e.js:54
[   74238ms] [ERROR] Permissions policy violation: encrypted-media is not allowed in this document. @ https://widget.sndcdn.com/widget-9-a34f7755ab5e.js:54
[   74238ms] [WARNING] Encrypted Media access has been blocked because of a Feature Policy applied to the current document. See https://crbug.com/414348233 for more details. @ https://widget.sndcdn.com/widget-9-a34f7755ab5e.js:54
[   74250ms] [ERROR] Permissions policy violation: encrypted-media is not allowed in this document. @ https://widget.sndcdn.com/widget-9-a34f7755ab5e.js:54
[   74250ms] [WARNING] Encrypted Media access has been blocked because of a Feature Policy applied to the current document. See https://crbug.com/414348233 for more details. @ https://widget.sndcdn.com/widget-9-a34f7755ab5e.js:54
[   74250ms] [ERROR] Permissions policy violation: encrypted-media is not allowed in this document. @ https://widget.sndcdn.com/widget-9-a34f7755ab5e.js:54
[   74250ms] [WARNING] Encrypted Media access has been blocked because of a Feature Policy applied to the current document. See https://crbug.com/414348233 for more details. @ https://widget.sndcdn.com/widget-9-a34f7755ab5e.js:54
[   74250ms] [ERROR] Permissions policy violation: encrypted-media is not allowed in this document. @ https://widget.sndcdn.com/widget-9-a34f7755ab5e.js:54
[   74250ms] [WARNING] Encrypted Media access has been blocked because of a Feature Policy applied to the current document. See https://crbug.com/414348233 for more details. @ https://widget.sndcdn.com/widget-9-a34f7755ab5e.js:54
[   74267ms] [ERROR] Permissions policy violation: encrypted-media is not allowed in this document. @ https://widget.sndcdn.com/widget-9-a34f7755ab5e.js:54
[   74267ms] [WARNING] Encrypted Media access has been blocked because of a Feature Policy applied to the current document. See https://crbug.com/414348233 for more details. @ https://widget.sndcdn.com/widget-9-a34f7755ab5e.js:54
[   74267ms] [ERROR] Permissions policy violation: encrypted-media is not allowed in this document. @ https://widget.sndcdn.com/widget-9-a34f7755ab5e.js:54
[   74268ms] [WARNING] Encrypted Media access has been blocked because of a Feature Policy applied to the current document. See https://crbug.com/414348233 for more details. @ https://widget.sndcdn.com/widget-9-a34f7755ab5e.js:54
[   74268ms] [ERROR] Permissions policy violation: encrypted-media is not allowed in this document. @ https://widget.sndcdn.com/widget-9-a34f7755ab5e.js:54
[   74268ms] [WARNING] Encrypted Media access has been blocked because of a Feature Policy applied to the current document. See https://crbug.com/414348233 for more details. @ https://widget.sndcdn.com/widget-9-a34f7755ab5e.js:54
[   76613ms] [WARNING] The resource https://player-widget.mixcloud.com/assets/mix-RbQjuyZ0-dm-sans-latin-wght-normal.woff2 was preloaded using link preload but not used within a few seconds from the window's load event. Please make sure it has an appropriate `as` value and it is preloaded intentionally. @ https://player-widget.mixcloud.com/widget/iframe?feed=%2Fdj-nerva%2Fpride-dance-stage-practice-mix-2024%2F:0
[   76613ms] [WARNING] The resource https://player-widget.mixcloud.com/assets/mix-BQjZ2nPP-open-sans-latin-wght-normal.woff2 was preloaded using link preload but not used within a few seconds from the window's load event. Please make sure it has an appropriate `as` value and it is preloaded intentionally. @ https://player-widget.mixcloud.com/widget/iframe?feed=%2Fdj-nerva%2Fpride-dance-stage-practice-mix-2024%2F:0
[   76822ms] [WARNING] The resource https://player-widget.mixcloud.com/assets/mix-RbQjuyZ0-dm-sans-latin-wght-normal.woff2 was preloaded using link preload but not used within a few seconds from the window's load event. Please make sure it has an appropriate `as` value and it is preloaded intentionally. @ https://player-widget.mixcloud.com/widget/iframe?feed=%2Fdj-nerva%2Foff-the-rails-practice-mix%2F:0
[   76822ms] [WARNING] The resource https://player-widget.mixcloud.com/assets/mix-BQjZ2nPP-open-sans-latin-wght-normal.woff2 was preloaded using link preload but not used within a few seconds from the window's load event. Please make sure it has an appropriate `as` value and it is preloaded intentionally. @ https://player-widget.mixcloud.com/widget/iframe?feed=%2Fdj-nerva%2Foff-the-rails-practice-mix%2F:0
[   77689ms] [WARNING] The resource https://player-widget.mixcloud.com/assets/mix-RbQjuyZ0-dm-sans-latin-wght-normal.woff2 was preloaded using link preload but not used within a few seconds from the window's load event. Please make sure it has an appropriate `as` value and it is preloaded intentionally. @ https://player-widget.mixcloud.com/widget/iframe?feed=%2Fdj-nerva%2Fspirit-world-round-2-b2b-w-oldboyslug%2F:0
[   77689ms] [WARNING] The resource https://player-widget.mixcloud.com/assets/mix-BQjZ2nPP-open-sans-latin-wght-normal.woff2 was preloaded using link preload but not used within a few seconds from the window's load event. Please make sure it has an appropriate `as` value and it is preloaded intentionally. @ https://player-widget.mixcloud.com/widget/iframe?feed=%2Fdj-nerva%2Fspirit-world-round-2-b2b-w-oldboyslug%2F:0
